device,base_model,benchmark_model,resolution,accuracy,accuracy_cpu,accuracy_drop,latency_singlestream,latency_cpu,speedup,throughput_singlestream,throughput_offline,eta,feasible
Apple M4 ANE,convnext,convnext_base,,84.53,84.52,-0.011831519167067104,254.0753909,200.0268021,0.787273420662481,3.9358396594717195,12.69276019,3.224918006874208,0
Apple M4 ANE,convnext,convnext_small,,84.31,84.32,0.011859582542683713,169.064734,127.3870138,0.7534806981094,5.914894113872383,19.12488428,3.233343473578981,0
Apple M4 ANE,convnext,convnext_tiny,,83.27,83.26,-0.012010569300973942,101.3892713,66.88334452,0.6596688551207684,9.86297649818497,35.16688106,3.565544444567172,0
Apple M4 ANE,densenet121,densenet121,,76.18,76.19,0.013125082031750763,1.865539633,33.43113103,17.9203542174223,536.0379282813125,635.5998182,1.1857366515796945,1
Apple M4 ANE,densenet169,densenet169,,77.84,77.77,-0.09000900090009951,2.273896649,40.7588258,17.92466065593819,439.7737251777796,879.5927138,2.000102924394636,1
Apple M4 ANE,densenet201,densenet201,,77.97,77.94,-0.038491147036183136,2.902063145,50.27842971,17.32506399684146,344.5824401591372,582.8520621,1.6914734884076612,1
Apple M4 ANE,mobilenetv2,mobilenetv2_elu_w1_0,,65.84,65.86,0.030367446097777133,12.21037059,9.326798826,0.7638424040658047,81.89759619736488,80.98189021,0.988818890542793,0
Apple M4 ANE,mobilenetv2,mobilenetv2_gelu_w1_0,,70.46,70.42,-0.05680204487360415,25.11034689,11.58524334,0.46137328929588517,39.824220843330615,68.31757094,1.715477904985583,0
Apple M4 ANE,mobilenetv2,mobilenetv2_hardswish_w1_0,,69.09,69.05,-0.057929036929770104,0.814238787,9.638785446,11.837787145357398,1228.1409532017296,1225.695387,0.9980087251423755,1
Apple M4 ANE,mobilenetv2,mobilenetv2_leakyrelu_w1_0,,68.38,68.34,-0.05853087503657015,0.407658383,8.312819302,20.391630955372747,2453.0343093668207,2469.063702,1.006534516281314,1
Apple M4 ANE,mobilenetv2,mobilenetv2_mish_w1_0,,69.8,69.86,0.08588605782994886,26.25819965,20.95798212,0.798150002641175,38.08334209234333,100.2824927,2.633237714716268,0
Apple M4 ANE,mobilenetv2,mobilenetv2_prelu_w1_0,,68.67,68.62,-0.07286505392013576,0.407435839,8.766328158,21.515849414513582,2454.3741720276107,2466.828259,1.0050742413745744,1
Apple M4 ANE,mobilenetv2,mobilenetv2_relu6_w1_0,,67.71,67.65,-0.08869179600885153,0.446432129,8.320432676,18.63762067178637,2239.9821496718487,2231.107909,0.9960382538436081,1
Apple M4 ANE,mobilenetv2,mobilenetv2_relu_w1_0,,67.83,67.81,-0.029494174900451295,0.401711682,8.290890077,20.6389070781367,2489.3475714256174,2485.563346,0.998479832439208,1
Apple M4 ANE,mobilenetv2,mobilenetv2_selu_w1_0,,62.68,62.73,0.07970667941973084,12.39139497,9.460095424,0.7634407140522291,80.70116418861919,85.31482879,1.0571697403348173,0
Apple M4 ANE,mobilenetv2,mobilenetv2_silu_w1_0,,69.57,69.57,0.0,0.686481421,9.802363386,14.279138642559126,1456.7036621956881,1455.804388,0.9993826649722753,1
Apple M4 ANE,mobilenetv2,mobilenetv2_w0_25,,48.59,48.62,0.0617030028794612,0.25695028,2.205613778,8.583815429195097,3891.8035037751274,3891.353109,0.9998842709364205,1
Apple M4 ANE,mobilenetv2,mobilenetv2_w0_5,,60.64,60.62,-0.03299241174530374,0.309789973,3.888707897,12.5527235737872,3227.9934379929077,3377.159074,1.046210018351165,1
Apple M4 ANE,mobilenetv2,mobilenetv2_w0_75,,66.17,66.19,0.030216044719740178,0.40907143,6.655033343,16.268633922931258,2444.5608435671,2474.07446,1.0120731772786777,1
Apple M4 ANE,mobilenetv2,mobilenetv2_w1_0,,68.18,68.22,0.058633831720891295,0.447768714,8.311589617,18.56223839926431,2233.2958260232535,2235.695276,1.0010743986303952,1
Apple M4 ANE,mobilenetv2,mobilenetv2_w1_5,,71.65,71.6,-0.06983240223465276,0.683583403,14.567666,21.310736826066563,1462.8792852655026,1468.419525,1.0037872159311436,1
Apple M4 ANE,mobilenetv2,mobilenetv2_w2_0,,73.1,73.11,0.013678019422794577,0.945830813,21.14539736,22.35642682535444,1057.2715397462948,1062.513127,1.0049576547335823,1
Apple M4 ANE,regnet,regnet_x_1_6gf,,80.42,80.43,0.012433171702107566,0.57355349,19.33186034,33.705418373445866,1743.516546294575,1732.757878,0.9938293282518942,1
Apple M4 ANE,regnet,regnet_x_3_2gf,,81.84,81.82,-0.024443901246651467,0.867160733,35.50264245,40.941247797483015,1153.1887479965033,1156.491987,1.0028644391555466,1
Apple M4 ANE,regnet,regnet_x_400mf,,76.4,76.34,-0.07859575582918821,0.37018319,6.558317315,17.716410393999794,2701.365234871956,2724.549389,1.008582384132571,1
Apple M4 ANE,regnet,regnet_x_800mf,,78.55,78.55,0.0,0.478972286,10.95181375,22.865234733017516,2087.8034684453537,2086.02646,0.9991488622026876,1
Apple M4 ANE,regnet,regnet_x_8gf,,82.58,82.56,-0.024224806201545566,1.659659421,81.48289616,49.09615498757199,602.533259141485,604.7883266,1.003742643952515,1
Apple M4 ANE,regnet,regnet_y_1_6gf,,82.17,82.18,0.01216841080555502,0.620376525,20.78907768,33.51041962782199,1611.9243067748253,1621.505659,1.005944045998255,1
Apple M4 ANE,regnet,regnet_y_3_2gf,,82.58,82.56,-0.024224806201545566,0.954542228,36.56449678,38.30579277420925,1047.6225887829448,1041.38626,0.9940471608289873,1
Apple M4 ANE,regnet,regnet_y_400mf,,77.72,77.7,-0.02574002574002062,0.382531692,7.274474042,19.01665716627735,2614.1624887906023,2617.027288,1.0010958764888112,1
Apple M4 ANE,regnet,regnet_y_800mf,,80.29,80.32,0.037350597609545476,0.474628011,13.8139209,29.104731663214036,2106.9131547737497,2103.113405,0.9981965323225875,1
Apple M4 ANE,regnet,regnet_y_8gf,,83.79,83.8,0.011933174224332823,2.1542311,87.76306612,40.739856610555854,464.2027496492832,463.8567179,0.9992545676441067,1
Apple M4 ANE,resnet10,resnet10_w1_0,,64.74,64.76,0.030883261272406162,0.396390541,9.861117656,24.87727792677071,2522.764537915651,2544.906274,1.0087767747451544,1
Apple M4 ANE,resnet101,resnet101_w1_0,,79.22,79.21,-0.012624668602455645,1.823237953,83.42526393,45.756651671675684,548.4747607159975,550.0134053,1.0028053152017313,1
Apple M4 ANE,resnet18,resnet18_elu_w1_0,,68.66,68.68,0.029120559114749894,5.496482993,20.04066215,3.646088266901329,181.93452090610336,161.4118605,0.8871975461067384,1
Apple M4 ANE,resnet18,resnet18_gelu_w1_0,,72.23,72.21,-0.02769699487607012,10.21005335,20.92428731,2.0493808007379313,97.94268117120073,139.553994,1.4248537239455799,1
Apple M4 ANE,resnet18,resnet18_hardswish_w1_0,,71.44,71.43,-0.013999720005587154,0.77168316,20.16379138,26.129624728366494,1295.8686308510348,1296.863574,1.0007677808732138,1
Apple M4 ANE,resnet18,resnet18_leakyrelu_w1_0,,71.5,71.54,0.05591277606934058,0.625300861,19.74271755,31.5731494730822,1599.2301664206407,1598.232775,0.9993763302859193,1
Apple M4 ANE,resnet18,resnet18_mish_w1_0,,71.97,71.96,-0.013896609227355639,11.0977932,24.37026721,2.1959561482908154,90.10800453553234,197.2474662,2.1890115891115896,1
Apple M4 ANE,resnet18,resnet18_prelu_w1_0,,69.95,69.95,0.0,0.626477424,20.0067534,31.935314240469744,1596.2267141489206,1599.61758,1.002124300903514,1
Apple M4 ANE,resnet18,resnet18_relu6_w1_0,,71.22,71.24,0.02807411566535096,0.645661806,19.73721324,30.568965140242472,1548.798443251884,1555.670027,1.0044367191728887,1
Apple M4 ANE,resnet18,resnet18_relu_w1_0,,71.04,71.03,-0.014078558355631586,0.625275215,19.73338311,31.559515932516206,1599.295759707987,1601.95344,1.0016617816159898,1
Apple M4 ANE,resnet18,resnet18_selu_w1_0,,66.81,66.79,-0.029944602485396044,5.467745496,20.06627627,3.6699360430509693,182.89073636136922,159.7532897,0.8734903302283583,1
Apple M4 ANE,resnet18,resnet18_silu_w1_0,,72.47,72.54,0.09649848359526797,0.731058339,20.11195621,27.510740439006195,1367.8798895418934,1367.787392,0.9999323789006618,1
Apple M4 ANE,resnet18,resnet18_w0_25,,51.86,51.88,0.03855050115652106,0.176611826,2.099303711,11.886541000940674,5662.134992024826,5738.532634,1.0134927270513299,1
Apple M4 ANE,resnet18,resnet18_w0_5,,63.61,63.65,0.06284367635506544,0.285043279,5.891118804,20.667453814969623,3508.239182162931,3703.474978,1.0556506514235728,1
Apple M4 ANE,resnet18,resnet18_w0_75,,69.25,69.25,0.0,0.442536802,11.63483679,26.291229876063504,2259.6990701803825,2291.526652,1.0140848762738468,1
Apple M4 ANE,resnet18,resnet18_w1_0,,71.67,71.66,-0.013954786491773816,0.629060952,19.74787246,31.392621648529854,1589.6710753078185,1598.262483,1.005404519101864,1
Apple M4 ANE,resnet18,resnet18_w1_5,,74.77,74.76,-0.013376136971630424,1.164107519,40.10451786,34.4508709079131,859.0271806327881,859.9244882,1.001044562485847,1
Apple M4 ANE,resnet18,resnet18_w2_0,,75.54,75.51,-0.039729837107669363,1.914752738,68.88580777,35.976346398623086,522.2606450191169,522.5891454,1.00062899700373,1
Apple M4 ANE,resnet34,resnet34_w1_0,,75.33,75.34,0.013273161667115896,0.991463437,39.48170176,39.821641713248574,1008.610063348206,1010.259924,1.0016357765123987,1
Apple M4 ANE,resnet50,resnet50_w0_25,,64.6,64.55,-0.07745933384972449,0.270965409,3.972552385,14.660736215964748,3690.5079644317257,3840.094074,1.0405326613598862,1
Apple M4 ANE,resnet50,resnet50_w0_5,,72.85,72.83,-0.027461211039401374,0.477425292,12.3180832,25.801069625779274,2094.5685466533682,2103.554307,1.0042900292573327,1
Apple M4 ANE,resnet50,resnet50_w0_75,,75.65,75.69,0.05284713964855601,0.797046324,25.04371203,31.420648055080925,1254.6322213512901,1256.495091,1.0014847934055955,1
Apple M4 ANE,resnet50,resnet50_w1_0,,76.91,76.88,-0.039021852237254344,1.256205393,43.50225789,34.62989263731015,796.0481666233383,797.9364957,1.0023721291698613,1
Apple M4 ANE,resnet50,resnet50_w1_5,,78.55,78.56,0.012729124236259059,2.648082686,90.60120102,34.21388671093785,377.63171266775163,378.4216527,1.002091826522375,1
Apple M4 ANE,resnet50,resnet50_w2_0,,79.22,79.22,0.0,4.458707667,158.6679167,35.58607752518529,224.2802342484231,223.5358511,0.9966810131489403,1
Apple M4 ANE,resnext50,resnext50_c16_w1_0,,79.28,79.25,-0.0378548895899068,1.358576304,48.58945796,35.76498266379302,736.064656107825,736.8135844,1.0010174762311441,1
Apple M4 ANE,resnext50,resnext50_c32_w1_0,,79.83,79.9,0.08760951188987157,2.247399895,89.03554222,39.61713374557223,444.95863963720615,445.2293872,1.0006084780441944,1
Apple M4 ANE,resnext50,resnext50_c64_w1_0,,79.06,79.1,0.0505689001264122,6.509545898,161.737255,24.846165544311216,153.62054675845224,153.6888687,1.0004447448143456,1
Apple M4 ANE,resnext50,resnext50_c8_w1_0,,77.06,77.07,0.01297521733487856,0.907290436,27.80992115,30.651619422559413,1102.1828957094838,1103.419767,1.0011222014924483,1
Apple M4 ANE,shufflenet,shufflenet_v2_x1_0,,70.89,70.92,0.04230118443316573,4.954683368,3.258141607,0.6575882584228943,201.82924431832228,1049.930327,5.202072328745702,0
Apple M4 ANE,shufflenet,shufflenet_v2_x1_5,,74.42,74.44,0.02686727565824291,7.733000988,5.491278264,0.7101096033120021,129.31590226766954,602.309746,4.6576618609000295,0
Apple M4 ANE,shufflenet,shufflenet_v2_x2_0,,77.42,77.43,0.01291489086917876,11.89626326,9.429556034,0.7926485676982237,84.0600092772325,347.3240081,4.131857836875972,0
Apple M4 ANE,vit_base,hf_vit_base_patch16_224,,78.03,78.02,-0.012817226352223937,265.5469721,153.1529665,0.5767452940202439,3.7658120975426477,12.56804649,3.3374066906315334,0
Apple M4 ANE,vit_small,hf_vit_small_patch16_224,,76.56,76.59,0.039169604386997174,257.2158147,46.30474562,0.18002293394753693,3.887785831389628,36.0585048,9.274817688995862,0
Apple M4 ANE,vit_tiny,hf_vit_tiny_patch16_224,,48.43,48.42,-0.020652622883102045,86.67662277,14.34674815,0.16552038706064598,11.537136174000935,71.35966011,6.185214340349885,0
DeepX M1,convnext,convnext_base,,84.6,84.52,-0.0946521533364864,1351.723471,200.0268021,0.1479790847694765,0.7397962833775489,0.745847997,1.0081802433432376,0
DeepX M1,convnext,convnext_small,,84.29,84.32,0.03557874762806799,839.1928946,127.3870138,0.15179705955532288,1.1916211474557925,1.207654376,1.0134549714717969,0
DeepX M1,convnext,convnext_tiny,,83.18,83.26,0.09608455440787687,461.0793283,66.88334452,0.1450582153977689,2.168824188425452,2.211726807,1.0197815105546637,0
DeepX M1,mobilenetv2,mobilenetv2_gelu_w1_0,,67.74,70.42,3.8057370065322447,1.577386467,11.58524334,7.344581421465942,633.9600477883395,2849.603634,4.494926208585621,1
DeepX M1,mobilenetv2,mobilenetv2_hardswish_w1_0,,58.84,69.05,14.786386676321497,1.543954208,9.638785446,6.242921840593863,647.6876029214462,2887.600411,4.458322805585979,0
DeepX M1,mobilenetv2,mobilenetv2_leakyrelu_w1_0,,64.6,68.34,5.472636815920411,1.658994448,8.312819302,5.0107577587263865,602.7747719141252,2844.417465,4.7188727822292345,0
DeepX M1,mobilenetv2,mobilenetv2_mish_w1_0,,66.95,69.86,4.165473804752358,1.683143671,20.95798212,12.451689348389559,594.1263465678326,2883.251735,4.852926909665019,0
DeepX M1,mobilenetv2,mobilenetv2_prelu_w1_0,,0.39,68.62,99.43165257942292,6.892138519,8.766328158,1.2719315106382876,145.09284705222274,228.16788,1.5725646345465698,0
DeepX M1,mobilenetv2,mobilenetv2_relu6_w1_0,,67.41,67.65,0.3547671840354901,1.650978837,8.320432676,5.039696748093446,605.7012831352241,2798.68304,4.620566470510824,1
DeepX M1,mobilenetv2,mobilenetv2_relu_w1_0,,67.22,67.81,0.8700781595634912,1.666562332,8.290890077,4.974845475506643,600.0375628314633,2855.545835,4.758945125910487,1
DeepX M1,mobilenetv2,mobilenetv2_selu_w1_0,,62.61,62.73,0.19129603060736083,92.14313292,9.460095424,0.1026673949996186,10.852680696978412,12.60119964,1.1611140133799762,0
DeepX M1,mobilenetv2,mobilenetv2_silu_w1_0,,67.28,69.57,3.2916486991519225,1.652530724,9.802363386,5.931728374933378,605.1324707473336,2900.152868,4.792591718666716,1
DeepX M1,mobilenetv2,mobilenetv2_w0_25,,47.68,48.62,1.933360756890164,1.268932843,2.205613778,1.7381643088262315,788.0637698964499,4035.835042,5.121203633724084,1
DeepX M1,mobilenetv2,mobilenetv2_w0_5,,60.13,60.62,0.8083140877598068,1.249911067,3.888707897,3.1111876674022603,800.0569211697364,4312.694252,5.390484274162087,1
DeepX M1,mobilenetv2,mobilenetv2_w0_75,,65.76,66.19,0.6496449614745319,1.590168932,6.655033343,4.185110908078036,628.8640029850615,3084.472184,4.904831838614988,1
DeepX M1,mobilenetv2,mobilenetv2_w1_0,,68.28,68.22,-0.08795074758135778,1.632163347,8.311589617,5.0923760984322595,612.6837744751781,2855.236575,4.660212484728817,1
DeepX M1,mobilenetv2,mobilenetv2_w1_5,,71.27,71.6,0.46089385474860106,2.081458677,14.567666,6.998777425164323,480.4323098267302,1873.613349,3.8998487626190794,1
DeepX M1,mobilenetv2,mobilenetv2_w2_0,,72.93,73.11,0.24620434961016632,2.315242007,21.14539736,9.13312616826583,431.9202903958022,1570.097591,3.635155897772705,1
DeepX M1,regnet,regnet_x_1_6gf,,78.84,80.43,1.9768743006340956,4.575054028,19.33186034,4.2254933431793775,218.5766537137821,664.745873,3.0412482838650265,1
DeepX M1,regnet,regnet_x_3_2gf,,80.99,81.82,1.014421901735515,5.721800768,35.50264245,6.204802279826603,174.77015375869865,498.2057369,2.850633968016426,1
DeepX M1,regnet,regnet_x_400mf,,75.98,76.34,0.4715745349751106,2.388659332,6.558317315,2.7456059669709316,418.6448802486666,1184.018077,2.828215828882745,1
DeepX M1,regnet,regnet_x_800mf,,77.91,78.55,0.8147676639083393,3.163603466,10.95181375,3.4618162066459184,316.09524099566784,932.2540949,2.9492822858183327,1
DeepX M1,regnet,regnet_x_8gf,,82.07,82.56,0.5935077519379955,11.43434367,81.48289616,7.126154199281645,87.45582858626813,241.3991782,2.760241165194372,1
DeepX M1,regnet,regnet_y_1_6gf,,81.97,82.18,0.25553662691653434,4.934375383,20.78907768,4.213112312375525,202.65989560608182,610.6085879,3.0129719847821517,1
DeepX M1,regnet,regnet_y_3_2gf,,82.23,82.56,0.39970930232557933,7.946354625,36.56449678,4.601417694720616,125.84386768417097,321.9953963,2.5586896066172127,1
DeepX M1,regnet,regnet_y_400mf,,77.22,77.7,0.6177606177606229,2.380334039,7.274474042,3.0560727708015603,420.1091038550661,1446.301331,3.4426802888303056,1
DeepX M1,regnet,regnet_y_800mf,,79.13,80.32,1.48157370517928,3.150133224,13.8139209,4.385186250141908,317.4468915731165,1065.373876,3.356069642769257,1
DeepX M1,regnet,regnet_y_8gf,,83.72,83.8,0.09546539379474736,13.75508003,87.76306612,6.3804111592653525,72.7004130705883,195.7964116,2.6931953111448204,1
DeepX M1,resnet10,resnet10_w1_0,,64.48,64.76,0.4323656578134668,1.498347644,9.861117656,6.581328235465226,667.4018569751894,3253.978597,4.875591164441375,1
DeepX M1,resnet101,resnet101_w1_0,,78.95,79.21,0.32824138366366734,4.862682461,83.42526393,17.156222845948236,205.6478102405955,586.4509427,2.8517247133042063,1
DeepX M1,resnet18,resnet18_gelu_w1_0,,72.16,72.21,0.06924248719013594,1.96782259,20.92428731,10.63321836853189,508.175892014737,1991.020501,3.9179751190209173,1
DeepX M1,resnet18,resnet18_hardswish_w1_0,,70.93,71.43,0.6999860002799944,1.965699586,20.16379138,10.25781941635918,508.7247345027421,2006.213743,3.9436135240426102,1
DeepX M1,resnet18,resnet18_leakyrelu_w1_0,,71.17,71.54,0.5171931786413259,1.974893914,19.74271755,9.996849658629309,506.3563125649493,2032.594757,4.014159015227609,1
DeepX M1,resnet18,resnet18_mish_w1_0,,71.86,71.96,0.1389660922734774,2.002164135,24.37026721,12.171962719729768,499.45955105224175,2018.697935,4.041764604855561,1
DeepX M1,resnet18,resnet18_prelu_w1_0,,0.1,69.95,99.85704074338815,3.339365892,20.0067534,5.9911833704505,299.45805052260505,763.4139013,2.5493183434798743,0
DeepX M1,resnet18,resnet18_relu6_w1_0,,71.03,71.24,0.2947782144862349,1.936261809,19.73721324,10.19346306798948,516.4590838655539,2037.268891,3.9446859483070833,1
DeepX M1,resnet18,resnet18_relu_w1_0,,70.91,71.03,0.168942700267499,1.980617082,19.73338311,9.963249983724012,504.8931512749621,2079.379586,4.118454727993688,1
DeepX M1,resnet18,resnet18_selu_w1_0,,66.72,66.79,0.10480610869891807,166.2684338,20.06627627,0.12068602446894523,6.014370720559467,6.625202147,1.1015619845900875,0
DeepX M1,resnet18,resnet18_silu_w1_0,,71.84,72.54,0.9649848359525818,2.018686159,20.11195621,9.962893994360616,495.37170279870134,2038.939487,4.1159789214454605,1
DeepX M1,resnet18,resnet18_w0_25,,51.27,51.88,1.1757902852737074,1.2003854,2.099303711,1.7488580842452766,833.0657803735367,4174.331393,5.010806458918863,1
DeepX M1,resnet18,resnet18_w0_5,,63.54,63.65,0.17282010997643274,1.407738847,5.891118804,4.184809431489675,710.3590286870872,3403.423441,4.791131390686112,1
DeepX M1,resnet18,resnet18_w0_75,,68.58,69.25,0.9675090252707605,1.755143048,11.63483679,6.628996310732616,569.754129806974,2462.466277,4.321980567010993,1
DeepX M1,resnet18,resnet18_w1_0,,71.25,71.66,0.572146246162429,1.972113277,19.74787246,10.013558901667492,507.0702639968079,2067.468686,4.077282445442345,1
DeepX M1,resnet18,resnet18_w1_5,,74.49,74.76,0.3611556982343636,3.423763958,40.10451786,11.713575571204725,292.07620977006616,836.4524676,2.863815811149043,1
DeepX M1,resnet18,resnet18_w2_0,,75.69,75.51,-0.23837902264599733,4.430880597,68.88580777,15.546753351160097,225.68877181593797,594.1589297,2.6326472731420174,1
DeepX M1,resnet34,resnet34_w1_0,,75.19,75.34,0.1990974250066441,2.758296091,39.48170176,14.313801150218865,362.542659311625,1199.836621,3.309504661542948,1
DeepX M1,resnet50,resnet50_w0_25,,64.6,64.55,-0.07745933384972449,1.232942131,3.972552385,3.2220104132364997,811.0680743701506,4512.104819,5.563164130833229,1
DeepX M1,resnet50,resnet50_w0_5,,72.65,72.83,0.2471508993546514,1.679324005,12.3180832,7.335143881302406,595.4777023508337,2814.691684,4.726779311615074,1
DeepX M1,resnet50,resnet50_w0_75,,75.71,75.69,-0.026423569824278004,2.338976595,25.04371203,10.70712382652123,427.53741193378636,1614.414676,3.7760781417885085,1
DeepX M1,resnet50,resnet50_w1_0,,76.97,76.88,-0.11706555671176302,3.114551185,43.50225789,13.967424295195844,321.0735481940715,975.914145,3.0395345567680114,1
DeepX M1,resnet50,resnet50_w1_5,,78.73,78.56,-0.21639511201629547,5.446885414,90.60120102,16.633579400647918,183.59115788074482,469.7475881,2.5586612858835696,1
DeepX M1,resnet50,resnet50_w2_0,,79.32,79.22,-0.1262307498106467,7.975937622,158.6679167,19.893324674750072,125.37710892343286,289.5828597,2.3096948253675773,1
DeepX M1,resnext50,resnext50_c16_w1_0,,79.17,79.25,0.10094637223974548,5.976250668,48.58945796,8.130425020518901,167.328991963896,463.3616926,2.7691656249263605,1
DeepX M1,resnext50,resnext50_c32_w1_0,,79.49,79.9,0.5131414267834928,17.82548786,89.03554222,4.994844624690121,56.09944635759327,146.4927926,2.611305496068798,1
DeepX M1,resnext50,resnext50_c8_w1_0,,76.94,77.07,0.1686778253535688,3.099751834,27.80992115,8.97166051971114,322.6064709540228,979.6319129,3.036615818656703,1
DeepX M1,shufflenet,shufflenet_v2_x1_0,,70.59,70.92,0.46531302876480296,1.581100573,3.258141607,2.060679543501753,632.4708352376266,3256.504286,5.148860792571556,1
DeepX M1,shufflenet,shufflenet_v2_x1_5,,73.02,74.44,1.9075765717356283,2.04105948,5.491278264,2.6904058004228277,489.9416258070049,2099.347104,4.284892308429746,1
DeepX M1,shufflenet,shufflenet_v2_x2_0,,76.51,77.43,1.1881699599638404,2.329019016,9.429556034,4.048724363871832,429.3653221077865,1602.88958,3.7331603123682537,1
DeepX M1,vit_base,hf_vit_base_patch16_224,,0.1,78.02,99.87182773647784,32.76764254,153.1529665,4.673908607036458,30.517911039199223,66.64453762,2.183784385975742,0
DeepX M1,vit_small,hf_vit_small_patch16_224,,0.1,76.59,99.86943465204335,16.2167595,46.30474562,2.855363651412602,61.6646007483801,162.3495871,2.632784208925002,0
DeepX M1,vit_tiny,hf_vit_tiny_patch16_224,,0.07,48.42,99.85543163981826,9.077132789,14.34674815,1.580537432192896,110.16694624230202,371.9934205,3.376633674512815,0
Hailo-8,convnext,convnext_base,,65.15,84.52,22.917652626597246,96.61996053,200.0268021,2.070243053327399,10.34982828097415,202.8547794,19.59982077894986,0
Hailo-8,convnext,convnext_small,,0.1,84.32,99.88140417457306,72.47706184,127.3870138,1.7576183493919626,13.79746880754624,35.40377254,2.565961411750874,0
Hailo-8,convnext,convnext_tiny,,72.51,83.26,12.911361998558732,33.94591233,66.88334452,1.9702915588128487,29.458627898365283,104.2478652,3.538788892668858,0
Hailo-8,mobilenetv2,mobilenetv2_elu_w1_0,,65.26,65.86,0.9110233829334867,2.106636208,9.326798826,4.427341935252638,474.6904074858662,2166.968568,4.5650144469467095,1
Hailo-8,mobilenetv2,mobilenetv2_gelu_w1_0,,66.72,70.42,5.254189150809433,2.104795613,11.58524334,5.504212983172918,475.1055132496611,2164.960302,4.556798945968755,0
Hailo-8,mobilenetv2,mobilenetv2_hardswish_w1_0,,55.53,69.05,19.580014482259227,2.103891898,9.638785446,4.5814071793150655,475.3095921661275,2163.829582,4.552463526222526,0
Hailo-8,mobilenetv2,mobilenetv2_leakyrelu_w1_0,,67.78,68.34,0.8194322505121485,2.121402656,8.312819302,3.9185485501720803,471.38622984735247,2138.538521,4.536701298407712,1
Hailo-8,mobilenetv2,mobilenetv2_mish_w1_0,,65.97,69.86,5.568279415974808,2.107930394,20.95798212,9.942445053999256,474.3989663256405,2170.096497,4.57441236393923,0
Hailo-8,mobilenetv2,mobilenetv2_prelu_w1_0,,68.38,68.62,0.34975225881668476,6.033577647,8.766328158,1.4529237329627755,165.73914491631965,726.4304168,4.382974324905374,1
Hailo-8,mobilenetv2,mobilenetv2_relu6_w1_0,,67.44,67.65,0.3104212860310539,2.075760929,8.320432676,4.008377149678974,481.75104658210864,2257.498391,4.686026957318165,1
Hailo-8,mobilenetv2,mobilenetv2_relu_w1_0,,67.7,67.81,0.16221796195251353,2.078007402,8.290890077,3.9898270184313813,481.23023962163927,2270.82561,4.718792426231165,1
Hailo-8,mobilenetv2,mobilenetv2_silu_w1_0,,65.78,69.57,5.447750467155372,2.104261286,9.802363386,4.658339461556772,475.22615497094694,2132.17012,4.486643038681974,0
Hailo-8,mobilenetv2,mobilenetv2_w0_25,,48.16,48.62,0.9461127108185949,1.074207804,2.205613778,2.0532468390073246,930.9185767188859,3318.792091,3.5650723640056783,1
Hailo-8,mobilenetv2,mobilenetv2_w0_5,,60.36,60.62,0.4289013526888783,1.258991341,3.888707897,3.0887487231733077,794.2866383860221,3065.045213,3.8588653829405004,1
Hailo-8,mobilenetv2,mobilenetv2_w0_75,,65.8,66.19,0.5892128720350516,1.807231625,6.655033343,3.6824462625259784,553.332503795688,2207.742069,3.989901286939732,1
Hailo-8,mobilenetv2,mobilenetv2_w1_0,,67.89,68.22,0.483729111697447,2.069139341,8.311589617,4.016930833175821,483.29272958326106,2227.877554,4.609789093912252,1
Hailo-8,mobilenetv2,mobilenetv2_w1_5,,71.44,71.6,0.22346368715083326,3.057801314,14.567666,4.764098286341438,327.0323664986168,1498.208945,4.581225280667554,1
Hailo-8,mobilenetv2,mobilenetv2_w2_0,,73.05,73.11,0.08206811653672859,3.87684849,21.14539736,5.454274887074579,257.9414703926178,1064.815063,4.128126669120805,1
Hailo-8,regnet,regnet_x_1_6gf,,79.54,80.43,1.106552281487008,2.614390047,19.33186034,7.394405575473796,382.49839619283097,2205.405278,5.765789608404469,1
Hailo-8,regnet,regnet_x_3_2gf,,81.82,81.82,0.0,4.341267412,35.50264245,8.177944153328284,230.347478074221,1487.972967,6.45968855157405,1
Hailo-8,regnet,regnet_x_400mf,,75.87,76.34,0.6156667539952827,1.697907299,6.558317315,3.8625885634996617,588.9603045990558,3194.900399,5.424644707040112,1
Hailo-8,regnet,regnet_x_800mf,,78.03,78.55,0.6619987269255201,1.744946209,10.95181375,6.276304503550458,573.0835683313605,2810.529096,4.904222091349397,1
Hailo-8,regnet,regnet_x_8gf,,81.05,82.56,1.8289728682170603,31.93828642,81.48289616,2.5512607373003826,31.31038362076283,366.0036302,11.689528772087362,1
Hailo-8,regnet,regnet_y_3_2gf,,82.37,82.56,0.23013565891472593,21.08292308,36.56449678,1.7343181797540381,47.43175299769675,410.6280649,8.65723990677595,1
Hailo-8,regnet,regnet_y_800mf,,79.82,80.32,0.6225099601593626,8.394876106,13.8139209,1.6455181381565465,119.12028091579319,1029.017473,8.6384741967442,1
Hailo-8,resnet10,resnet10_w1_0,,64.77,64.76,-0.015441630636181137,1.052341196,9.861117656,9.370646795433446,950.2621429257437,2572.086344,2.706712419460227,1
Hailo-8,resnet101,resnet101_w1_0,,79.11,79.21,0.1262466860244847,36.71766845,83.42526393,2.2720741117754715,27.234844754964282,341.8207439,12.55086074385256,1
Hailo-8,resnet18,resnet18_elu_w1_0,,68.47,68.68,0.3057658707047291,1.588744927,20.04066215,12.614147059995616,629.4276589057521,2279.295985,3.6212199333002184,1
Hailo-8,resnet18,resnet18_gelu_w1_0,,71.56,72.21,0.9001523334718067,1.57680364,20.92428731,13.270065326586892,634.1943756547898,2281.545987,3.5975500171289925,1
Hailo-8,resnet18,resnet18_hardswish_w1_0,,70.79,71.43,0.8959820803583936,1.583346111,20.16379138,12.734923362564787,631.573850500966,2314.613761,3.664834696946434,1
Hailo-8,resnet18,resnet18_leakyrelu_w1_0,,71.35,71.54,0.26558568632934293,1.591245319,19.74271755,12.407086018896875,628.4386122363826,2271.363566,3.6142966421446476,1
Hailo-8,resnet18,resnet18_mish_w1_0,,71.64,71.96,0.4446914952751434,1.576213636,24.37026721,15.46127165340676,634.4317655681034,2290.245767,3.6099166077366793,1
Hailo-8,resnet18,resnet18_prelu_w1_0,,69.56,69.95,0.5575411007862766,1.892119238,20.0067534,10.573727595068192,528.5079184845749,1936.905885,3.664856887203915,1
Hailo-8,resnet18,resnet18_relu6_w1_0,,71.0,71.24,0.3368893879842713,1.542200224,19.73721324,12.798087390240193,648.4242346991126,2340.283598,3.609185889059126,1
Hailo-8,resnet18,resnet18_relu_w1_0,,70.79,71.03,0.337885400534978,1.548299846,19.73338311,12.74519477669702,645.8697277426455,2318.781481,3.590169009939952,1
Hailo-8,resnet18,resnet18_silu_w1_0,,72.09,72.54,0.6203473945409468,1.58938919,20.11195621,12.653890146314636,629.1725187837726,2261.114978,3.5937917033802873,1
Hailo-8,resnet18,resnet18_w0_25,,51.59,51.88,0.5589822667694663,0.81260268,2.099303711,2.5834319313345118,1230.6137114881285,2730.466448,2.2187843532948808,1
Hailo-8,resnet18,resnet18_w0_5,,63.53,63.65,0.1885310290651963,0.808613889,5.891118804,7.285453396410806,1236.6841747384333,3168.443531,2.5620474456788016,1
Hailo-8,resnet18,resnet18_w0_75,,69.13,69.25,0.17328519855596325,1.087745539,11.63483679,10.696285457255275,919.3326602096045,2979.044951,3.2404428559307235,1
Hailo-8,resnet18,resnet18_w1_0,,71.52,71.66,0.1953670108847343,1.521988368,19.74787246,12.97504821666285,657.0352448317792,2310.764546,3.5169567601988003,1
Hailo-8,resnet18,resnet18_w1_5,,74.18,74.76,0.7758159443552679,3.133516795,40.10451786,12.798564834244013,319.13025058479064,899.704089,2.8192378734116743,1
Hailo-8,resnet18,resnet18_w2_0,,75.4,75.51,0.1456760693947814,36.44515357,68.88580777,1.8901225820791623,27.438490499959222,278.7759376,10.160031857452738,1
Hailo-8,resnet34,resnet34_w1_0,,74.96,75.34,0.5043801433501588,3.598948333,39.48170176,10.970344141364476,277.85894863525954,1295.083085,4.660937109857247,1
Hailo-8,resnet50,resnet50_w0_25,,64.41,64.55,0.2168861347792418,0.923945714,3.972552385,4.299551721282188,1082.3146694092463,3147.908108,2.908496204452449,1
Hailo-8,resnet50,resnet50_w0_5,,72.46,72.83,0.5080324042290327,1.515255209,12.3180832,8.12937855407828,659.9548340506645,2974.430476,4.507021272567349,1
Hailo-8,resnet50,resnet50_w0_75,,75.52,75.69,0.22460034350640998,2.367631584,25.04371203,10.577537569291016,422.3630089908447,1972.651985,4.670513143926295,1
Hailo-8,resnet50,resnet50_w1_0,,77.08,76.88,-0.2601456815816895,4.036999383,43.50225789,10.775889159951353,247.70873243405694,1145.596872,4.624773865430731,1
Hailo-8,resnet50,resnet50_w1_5,,78.38,78.56,0.2291242362525545,44.20789696,90.60120102,2.049434767321716,22.62039293352533,226.8207748,10.027269440745766,1
Hailo-8,resnet50,resnet50_w2_0,,79.0,79.22,0.2777076495834371,75.4199848,158.6679167,2.1037914170993046,13.259085143703185,124.332044,9.37712086863293,1
Hailo-8,resnext50,resnext50_c16_w1_0,,78.84,79.25,0.5173501577287023,6.040202845,48.58945796,8.044342086991616,165.5573538937996,798.3447551,4.822164261045848,1
Hailo-8,resnext50,resnext50_c32_w1_0,,79.36,79.9,0.6758448060075172,38.47132315,89.03554222,2.3143353264157223,25.993387232900513,305.6278833,11.757909062084789,1
Hailo-8,resnext50,resnext50_c64_w1_0,,78.56,79.1,0.6826801517066904,76.56991992,161.737255,2.1122818878350995,13.059958806863017,127.1885485,9.738816973386037,1
Hailo-8,resnext50,resnext50_c8_w1_0,,77.1,77.07,-0.03892565200467256,3.022733209,27.80992115,9.200256597968252,330.8264179658867,1650.093186,4.987791471266814,1
Hailo-8,shufflenet,shufflenet_v2_x1_0,,70.71,70.92,0.2961082910321601,3.493292551,3.258141607,0.9326850126157671,286.2628839126964,2307.765901,8.061701431415104,0
Hailo-8,shufflenet,shufflenet_v2_x1_5,,74.34,74.44,0.13433637829123363,4.979177236,5.491278264,1.1028485237073815,200.8363937660001,1865.512379,9.288716770993004,1
Hailo-8,shufflenet,shufflenet_v2_x2_0,,76.84,77.43,0.7619785612811615,7.71963308,9.429556034,1.221503138333098,129.53983559021694,1393.089736,10.754141609434066,1
Hailo-8,vit_base,hf_vit_base_patch16_224,,6.56,78.02,91.59189951294539,81.27329271,153.1529665,1.8844193632769572,12.30416495574023,70.19001825,5.704573898552492,0
Hailo-8,vit_small,hf_vit_small_patch16_224,,0.08,76.59,99.89554772163468,29.840381,46.30474562,1.5517478017455608,33.511636463354805,145.3562187,4.337484946727325,0
Hailo-8,vit_tiny,hf_vit_tiny_patch16_224,,0.1,48.42,99.79347377116893,14.36340257,14.34674815,0.9988404961903118,69.6213863759999,341.5315425,4.905555035280564,0
Mobilint-ARIES,convnext,convnext_base,,84.51,84.52,0.01183151916705029,17.53911553,200.0268021,11.404611695376637,57.01541781223446,279.0560907,4.894397014137459,1
Mobilint-ARIES,convnext,convnext_small,,84.03,84.32,0.34392789373813104,12.56882725,127.3870138,10.135155115605555,79.56191775967007,435.3984148,5.472447460545043,1
Mobilint-ARIES,convnext,convnext_tiny,,83.15,83.26,0.13211626231083284,8.490422054,66.88334452,7.877505275310781,117.77977509714972,737.3280624,6.260226442034048,1
Mobilint-ARIES,densenet121,densenet121,,75.93,76.19,0.34125213282581823,2.899873834,33.43113103,11.528477769629754,344.8425887620875,1868.707307,5.419015422973906,1
Mobilint-ARIES,densenet169,densenet169,,77.32,77.77,0.5786292915005823,4.33646539,40.7588258,9.399089381409775,230.6025553221353,1191.806389,5.168227157479377,1
Mobilint-ARIES,densenet201,densenet201,,78.0,77.94,-0.07698229407236627,6.982814855,50.27842971,7.20030972523902,143.2087232391614,618.555262,4.319256872132017,1
Mobilint-ARIES,mobilenetv2,mobilenetv2_elu_w1_0,,63.4,65.86,3.7351958700273324,0.885117285,9.326798826,10.537359267591299,1129.7937764259118,8003.692254,7.08420635783601,1
Mobilint-ARIES,mobilenetv2,mobilenetv2_gelu_w1_0,,61.65,70.42,12.45384833854019,0.871273669,11.58524334,13.29690515414853,1147.7450031833798,8069.054345,7.030354584528541,0
Mobilint-ARIES,mobilenetv2,mobilenetv2_hardswish_w1_0,,63.2,69.05,8.472121650977545,0.866056989,9.638785446,11.129504834467653,1154.6584262943925,8047.17458,6.969311786712139,0
Mobilint-ARIES,mobilenetv2,mobilenetv2_leakyrelu_w1_0,,67.76,68.34,0.8486976880304334,0.870906503,8.312819302,9.545019210862408,1148.228881694319,8141.329711,7.090336988377011,1
Mobilint-ARIES,mobilenetv2,mobilenetv2_mish_w1_0,,68.0,69.86,2.6624677927283127,0.864856159,20.95798212,24.232910758516088,1156.2616391103252,7986.073014,6.906804432381593,1
Mobilint-ARIES,mobilenetv2,mobilenetv2_prelu_w1_0,,67.16,68.62,2.1276595744680966,0.860355971,8.766328158,10.189187328834148,1162.3095947572613,8311.735145,7.151050961371301,1
Mobilint-ARIES,mobilenetv2,mobilenetv2_relu6_w1_0,,66.94,67.65,1.0495195861049638,0.87275592,8.320432676,9.533516170248378,1145.7957225887394,8109.030151,7.077204069743743,1
Mobilint-ARIES,mobilenetv2,mobilenetv2_relu_w1_0,,67.16,67.81,0.9585606842648661,0.867001998,8.290890077,9.562711615573463,1153.3998794775557,8221.459473,7.128021789567028,1
Mobilint-ARIES,mobilenetv2,mobilenetv2_selu_w1_0,,36.52,62.73,41.78224135182528,0.874320252,9.460095424,10.819943152820851,1143.7456672340697,8230.697404,7.196265428401026,0
Mobilint-ARIES,mobilenetv2,mobilenetv2_silu_w1_0,,66.3,69.57,4.700301854247516,0.868540917,9.802363386,11.286012200620364,1151.3562348381568,8095.83651,7.03156526627748,0
Mobilint-ARIES,mobilenetv2,mobilenetv2_w0_25,,47.84,48.62,1.604278074866298,0.652037286,2.205613778,3.3826497738045,1533.6546260024768,14836.29907,9.673820179887123,1
Mobilint-ARIES,mobilenetv2,mobilenetv2_w0_5,,59.83,60.62,1.3032002639392926,0.691981047,3.888707897,5.619673998094345,1445.1262853735357,12267.53916,8.4889045920503,1
Mobilint-ARIES,mobilenetv2,mobilenetv2_w0_75,,65.24,66.19,1.4352621241879482,0.804006531,6.655033343,8.277337417548914,1243.770991208528,9913.464493,7.970490197208603,1
Mobilint-ARIES,mobilenetv2,mobilenetv2_w1_0,,67.24,68.22,1.4365288771621285,0.857464879,8.311589617,9.693212889014431,1166.2285237457522,8110.330671,6.954323707459003,1
Mobilint-ARIES,mobilenetv2,mobilenetv2_w1_5,,71.44,71.6,0.22346368715083326,1.063997121,14.567666,13.691452460236494,939.8521671375837,5175.898512,5.507141115356184,1
Mobilint-ARIES,mobilenetv2,mobilenetv2_w2_0,,71.97,73.11,1.559294214197785,1.207390868,21.14539736,17.513299065303183,828.2322042541736,3798.064974,4.585748965678258,1
Mobilint-ARIES,regnet,regnet_x_1_6gf,,79.75,80.43,0.8454556757428905,2.86329746,19.33186034,6.751607407216433,349.24768172706723,1197.611689,3.42911850718001,1
Mobilint-ARIES,regnet,regnet_x_3_2gf,,81.24,81.82,0.7088731361525279,3.803237981,35.50264245,9.334846419646123,262.9338487351418,902.2196969,3.4313562184563877,1
Mobilint-ARIES,regnet,regnet_x_400mf,,75.49,76.34,1.1134398742468017,1.293855402,6.558317315,5.0688178175570195,772.8838929406116,2063.842389,2.670313623884235,1
Mobilint-ARIES,regnet,regnet_x_800mf,,78.28,78.55,0.3437301082113253,1.784762988,10.95181375,6.1362846628014,560.2984859746542,1561.735196,2.787327174877726,1
Mobilint-ARIES,regnet,regnet_x_8gf,,82.51,82.56,0.060562015503872524,8.421582613,81.48289616,9.67548498951001,118.74252690418867,321.7624364,2.7097489399027586,1
Mobilint-ARIES,regnet,regnet_y_1_6gf,,81.86,82.18,0.3893891457775704,4.165160141,20.78907768,4.991183286174637,240.08680726496945,967.1134548,4.028182413757765,1
Mobilint-ARIES,regnet,regnet_y_3_2gf,,82.15,82.56,0.4966085271317788,7.34609392,36.56449678,4.9774066569516435,136.1267649025647,467.7409131,3.4360686778591587,1
Mobilint-ARIES,regnet,regnet_y_400mf,,77.54,77.7,0.20592020592020152,1.844341745,7.274474042,3.9442115658451358,542.198864560212,2108.447922,3.8886985197031034,1
Mobilint-ARIES,regnet,regnet_y_800mf,,79.67,80.32,0.8092629482071607,2.381508656,13.8139209,5.800491577134121,419.90189600217855,1539.782835,3.66700614991272,1
Mobilint-ARIES,regnet,regnet_y_8gf,,83.52,83.8,0.3341288782816243,14.67188183,87.76306612,5.981718441907598,68.15758275501324,213.198233,3.128019280940806,1
Mobilint-ARIES,resnet10,resnet10_w1_0,,64.75,64.76,0.015441630636203081,0.855370193,9.861117656,11.52847940774574,1169.084459785472,6434.210124,5.503631555568434,1
Mobilint-ARIES,resnet101,resnet101_w1_0,,79.24,79.21,-0.037874005807348995,2.905530099,83.42526393,28.712579490645297,344.17127543926364,1157.270519,3.3624843256398513,1
Mobilint-ARIES,resnet18,resnet18_elu_w1_0,,67.28,68.68,2.038439138031458,1.126855796,20.04066215,17.784584523714866,887.4249957711536,3775.303916,4.254223099406097,1
Mobilint-ARIES,resnet18,resnet18_gelu_w1_0,,71.48,72.21,1.010940312976028,1.128771414,20.92428731,18.537222904902514,885.9189625083826,3779.474504,4.266162780057028,1
Mobilint-ARIES,resnet18,resnet18_hardswish_w1_0,,70.79,71.43,0.8959820803583936,1.14682128,20.16379138,17.58233103243428,871.9754485197554,3643.014432,4.177886473964713,1
Mobilint-ARIES,resnet18,resnet18_leakyrelu_w1_0,,70.98,71.54,0.7827788649706489,1.143087877,19.74271755,17.27139089412283,874.8233798301407,3610.044672,4.126598299991641,1
Mobilint-ARIES,resnet18,resnet18_mish_w1_0,,71.11,71.96,1.181211784324617,1.142917606,24.37026721,21.322855717737543,874.9537103552153,3612.694742,4.129012425735428,1
Mobilint-ARIES,resnet18,resnet18_prelu_w1_0,,69.25,69.95,1.0007147962830634,1.131175211,20.0067534,17.686697167199505,884.0363458070865,3527.123857,3.9897950731651086,1
Mobilint-ARIES,resnet18,resnet18_relu6_w1_0,,71.14,71.24,0.14037057832677474,1.14163423,19.73721324,17.288561188288828,875.937295608244,3513.649509,4.011302551697093,1
Mobilint-ARIES,resnet18,resnet18_relu_w1_0,,70.86,71.03,0.2393354920456169,1.12994947,19.73338311,17.463951826093606,884.9953263839312,3524.312932,3.9822955296275455,1
Mobilint-ARIES,resnet18,resnet18_selu_w1_0,,64.51,66.79,3.4136846833358305,1.13089952,20.06627627,17.74364204345935,884.2518564337174,3503.623282,3.9622458878746247,1
Mobilint-ARIES,resnet18,resnet18_silu_w1_0,,71.25,72.54,1.778329197684045,1.126378104,20.11195621,17.855421850423326,887.8013488088898,3432.336115,3.866108245504426,1
Mobilint-ARIES,resnet18,resnet18_w0_25,,51.4,51.88,0.9252120277563685,0.749761966,2.099303711,2.799960262321442,1333.7566392371523,10668.36802,7.998736580686727,1
Mobilint-ARIES,resnet18,resnet18_w0_5,,63.13,63.65,0.8169677926158618,0.81400709,5.891118804,7.23718365155763,1228.4905282581751,7480.748036,6.089381939807576,1
Mobilint-ARIES,resnet18,resnet18_w0_75,,69.08,69.25,0.2454873646209411,1.013236811,11.63483679,11.482840599244671,986.9361132004905,4676.254912,4.738153614457966,1
Mobilint-ARIES,resnet18,resnet18_w1_0,,71.35,71.66,0.4325983812447701,1.136146149,19.74787246,17.381454381886922,880.1684544547094,3457.994218,3.9287868140449667,1
Mobilint-ARIES,resnet18,resnet18_w1_5,,74.63,74.76,0.1738897806313666,2.285937674,40.10451786,17.54401194579551,437.45724626436163,1710.49171,3.9100774409536827,1
Mobilint-ARIES,resnet18,resnet18_w2_0,,75.63,75.51,-0.1589193484306586,2.953909975,68.88580777,23.320212312834617,338.53435225289826,1106.859031,3.2695619325897343,1
Mobilint-ARIES,resnet34,resnet34_w1_0,,75.35,75.34,-0.013273161667097034,1.678148741,39.48170176,23.526938223886557,595.8947354118952,2171.379284,3.6438974116780813,1
Mobilint-ARIES,resnet50,resnet50_w0_25,,64.42,64.55,0.20139426800928809,0.844728804,3.972552385,4.702754737602152,1183.8118876315716,8410.500754,7.104592242967519,1
Mobilint-ARIES,resnet50,resnet50_w0_5,,72.4,72.83,0.5904160373472369,1.035470736,12.3180832,11.896119099980051,965.7443375589515,4772.589484,4.941876745623341,1
Mobilint-ARIES,resnet50,resnet50_w0_75,,75.62,75.69,0.0924824943849824,1.543313092,25.04371203,16.227240058947157,647.956662315413,2663.332838,4.110356437238915,1
Mobilint-ARIES,resnet50,resnet50_w1_0,,76.83,76.88,0.06503642039541774,2.002279683,43.50225789,21.7263643332888,499.4307281297026,1773.170148,3.5503825618425027,1
Mobilint-ARIES,resnet50,resnet50_w1_5,,78.4,78.56,0.2036659877800364,5.988042766,90.60120102,15.130353031950941,166.99947530067456,612.5773328,3.6681392662886148,1
Mobilint-ARIES,resnet50,resnet50_w2_0,,79.02,79.22,0.25246149962131137,8.61590343,158.6679167,18.41570277442165,116.06443922271306,345.6284155,2.9779010506119152,1
Mobilint-ARIES,resnext50,resnext50_c16_w1_0,,79.14,79.25,0.13880126182965227,4.46026818,48.58945796,10.89384225322523,224.20176537456544,716.3998896,3.195335631738393,1
Mobilint-ARIES,resnext50,resnext50_c32_w1_0,,79.59,79.9,0.38798498122653596,13.02225286,89.03554222,6.837184255075201,76.79162820372389,185.449033,2.414964200368484,1
Mobilint-ARIES,resnext50,resnext50_c64_w1_0,,79.07,79.1,0.037926675094818126,65.33466432,161.737255,2.4755197976962684,15.305810635256968,26.14693606,1.7083012904766035,1
Mobilint-ARIES,resnext50,resnext50_c8_w1_0,,76.78,77.07,0.37628130271181015,1.996743444,27.80992115,13.927638642593685,500.815466806661,1748.885395,3.4920754467736006,1
Mobilint-ARIES,shufflenet,shufflenet_v2_x1_0,,70.53,70.92,0.5499153976311345,0.649558224,3.258141607,5.015934656228755,1539.5078732772693,9713.782767,6.3096674824543255,1
Mobilint-ARIES,shufflenet,shufflenet_v2_x1_5,,73.64,74.44,1.0746910263299263,0.835622217,5.491278264,6.571484281155728,1196.7130356946936,6033.683346,5.041879854260498,1
Mobilint-ARIES,shufflenet,shufflenet_v2_x2_0,,76.59,77.43,1.0848508330104654,0.990596327,9.429556034,9.519070257969975,1009.4929415178419,3825.578675,3.789604184104527,1
Mobilint-ARIES,vit_base,hf_vit_base_patch16_224,,78.2,78.02,-0.2307100743399216,25.80321476,153.1529665,5.935421920272387,38.75486094663656,142.4155551,3.6747791534099132,1
Mobilint-ARIES,vit_small,hf_vit_small_patch16_224,,76.43,76.59,0.20890455673063923,9.595764934,46.30474562,4.825539802036172,104.21264035520193,578.1848269,5.54812568733788,1
Mobilint-ARIES,vit_tiny,hf_vit_tiny_patch16_224,,48.01,48.42,0.84675753820736,4.516921981,14.34674815,3.176222261608286,221.3896994914688,1539.024234,6.951652391846288,1
Qualcomm QCS6490,convnext,convnext_base,,81.21,84.52,3.9162328442972107,533.9507232,200.0268021,0.37461659551882787,1.8728319984416122,5.331936783,2.846991501339531,0
Qualcomm QCS6490,convnext,convnext_small,,79.95,84.32,5.182637571157485,451.7396366,127.3870138,0.28199211111686634,2.2136645071184353,6.498368333,2.935570549242368,0
Qualcomm QCS6490,convnext,convnext_tiny,,81.04,83.26,2.6663463848186386,241.1747688,66.88334452,0.27732314144131975,4.146370721015489,11.35123669,2.7376318843048275,0
Qualcomm QCS6490,densenet121,densenet121,,71.7,76.19,5.893161832261446,96.07934996,33.43113103,0.3479533431889177,10.408063755805202,23.44619857,2.252695517638682,0
Qualcomm QCS6490,densenet169,densenet169,,75.92,77.77,2.3788093095023717,135.5391514,40.7588258,0.30071625341458347,7.377942016538255,17.00539692,2.304897067756974,0
Qualcomm QCS6490,densenet201,densenet201,,74.85,77.94,3.9645881447267177,191.6736077,50.27842971,0.2623127425487489,5.217202368127597,13.25490889,2.540616206681102,0
Qualcomm QCS6490,mobilenetv2,mobilenetv2_elu_w1_0,,60.05,65.86,8.821743091406017,4.354893789,9.326798826,2.141682272380214,229.62672534652717,295.9858103,1.2889867669076023,0
Qualcomm QCS6490,mobilenetv2,mobilenetv2_gelu_w1_0,,55.19,70.42,21.62737858562909,110.5390031,11.58524334,0.10480683754239502,9.046580591063789,19.36307486,2.1403749919750723,0
Qualcomm QCS6490,mobilenetv2,mobilenetv2_hardswish_w1_0,,36.86,69.05,46.6183924692252,45.39115182,9.638785446,0.21234943506661605,22.030725370564085,43.86555437,1.9911080380771342,0
Qualcomm QCS6490,mobilenetv2,mobilenetv2_leakyrelu_w1_0,,64.87,68.34,5.0775534094234684,2.810117098,8.312819302,2.9581754112369016,355.85705688624654,615.4906339,1.7296007539812484,0
Qualcomm QCS6490,mobilenetv2,mobilenetv2_mish_w1_0,,61.16,69.86,12.453478385342116,154.073054,20.95798212,0.13602626530658632,6.4904275863837935,9.862829742,1.5195962994319723,0
Qualcomm QCS6490,mobilenetv2,mobilenetv2_prelu_w1_0,,65.69,68.62,4.269892159720208,45.4704906,8.766328158,0.19279158949738714,21.99228525587978,44.66147512,2.030779184626094,0
Qualcomm QCS6490,mobilenetv2,mobilenetv2_relu6_w1_0,,66.97,67.65,1.0051736881005273,2.476821135,8.320432676,3.359319152450627,403.7433248081518,803.6876192,1.9905904811723913,1
Qualcomm QCS6490,mobilenetv2,mobilenetv2_relu_w1_0,,67.15,67.81,0.9733077717150812,2.517316995,8.290890077,3.293542328386815,397.24834098615383,794.8050104,2.0007761603910716,1
Qualcomm QCS6490,mobilenetv2,mobilenetv2_selu_w1_0,,53.02,62.73,15.479037143312603,48.09085003,9.460095424,0.1967130008743578,20.7939763879445,43.13322073,2.074313249437317,0
Qualcomm QCS6490,mobilenetv2,mobilenetv2_silu_w1_0,,47.99,69.57,31.019117435676286,2.879035089,9.802363386,3.4047391167450964,347.33859403823334,612.0941754,1.7622406087491207,0
Qualcomm QCS6490,mobilenetv2,mobilenetv2_w0_25,,47.36,48.62,2.591526120937882,1.843676456,2.205613778,1.1963128187823429,542.3945165354978,1006.441663,1.8555527984105862,1
Qualcomm QCS6490,mobilenetv2,mobilenetv2_w0_5,,59.91,60.62,1.171230616958101,1.938101116,3.888707897,2.006452534853192,515.9689511266965,936.8591771,1.8157278166723516,1
Qualcomm QCS6490,mobilenetv2,mobilenetv2_w0_75,,65.58,66.19,0.9215893639522579,2.170663727,6.655033343,3.065897891147651,460.6885845842487,827.0704111,1.7952917410497482,1
Qualcomm QCS6490,mobilenetv2,mobilenetv2_w1_0,,68.14,68.22,0.11726766344180342,2.238686049,8.311589617,3.7127088993620645,446.6905935500382,789.994835,1.768550415896557,1
Qualcomm QCS6490,mobilenetv2,mobilenetv2_w1_5,,71.5,71.6,0.13966480446926582,2.774440136,14.567666,5.250668706444924,360.43307874061117,586.3421577,1.6267712157517216,1
Qualcomm QCS6490,mobilenetv2,mobilenetv2_w2_0,,72.87,73.11,0.3282724661468949,3.252136344,21.14539736,6.502002106711181,307.49018313606103,471.3479393,1.532887764067036,1
Qualcomm QCS6490,regnet,regnet_x_1_6gf,,78.6,80.43,2.275270421484536,2.074029698,19.33186034,9.32091780490985,482.15317310273156,461.7005874,0.9575807298516446,1
Qualcomm QCS6490,regnet,regnet_x_3_2gf,,81.62,81.82,0.24443901246637575,2.861909416,35.50264245,12.405229268095047,349.41706904115375,359.0831189,1.0276633591065576,1
Qualcomm QCS6490,regnet,regnet_x_400mf,,75.77,76.34,0.7466596803772693,1.406132527,6.558317315,4.664081933295609,711.1705197045058,696.5440476,0.9794332418185964,1
Qualcomm QCS6490,regnet,regnet_x_800mf,,77.78,78.55,0.9802673456397148,1.400555144,10.95181375,7.819623380712812,714.0025898187698,681.9154696,0.9550602187214556,1
Qualcomm QCS6490,regnet,regnet_x_8gf,,79.83,82.56,3.3066860465116323,4.482526208,81.48289616,18.177896208298083,223.08848930214663,235.2565179,1.0545435070895712,1
Qualcomm QCS6490,regnet,regnet_y_1_6gf,,81.54,82.18,0.7787782915551236,2.948639938,20.78907768,7.050395476261774,339.1394069898812,333.4168782,0.9831263230638014,1
Qualcomm QCS6490,regnet,regnet_y_3_2gf,,81.64,82.56,1.1143410852713198,4.101941569,36.56449678,8.913948715489369,243.7869928614773,249.7463752,1.0244450381399506,1
Qualcomm QCS6490,regnet,regnet_y_400mf,,77.56,77.7,0.1801801801801809,1.941520516,7.274474042,3.746792260010298,515.0602281866385,470.4351551,0.9133595050742919,1
Qualcomm QCS6490,regnet,regnet_y_800mf,,79.45,80.32,1.0831673306772789,1.702030215,13.8139209,8.11614316729389,587.5336355294962,572.0708566,0.973681883054132,1
Qualcomm QCS6490,regnet,regnet_y_8gf,,83.02,83.8,0.930787589498808,6.46033397,87.76306612,13.58491163576796,154.7907592151927,176.4073015,1.139650082436482,1
Qualcomm QCS6490,resnet10,resnet10_w1_0,,64.85,64.76,-0.13897467572573993,2.142495452,9.861117656,4.602631780055699,466.74544819523845,818.9217242,1.7545360696424983,1
Qualcomm QCS6490,resnet101,resnet101_w1_0,,79.26,79.21,-0.06312334301226029,6.335469145,83.42526393,13.167969414836444,157.8415074105771,208.3662461,1.3200979230260266,1
Qualcomm QCS6490,resnet18,resnet18_elu_w1_0,,68.33,68.68,0.5096097845078749,3.472513895,20.04066215,5.771225906066532,287.97580952516245,389.222559,1.3515807443749572,1
Qualcomm QCS6490,resnet18,resnet18_gelu_w1_0,,71.88,72.21,0.4570004154549208,44.02284454,20.92428731,0.47530520866246595,22.715478984811643,45.18995685,1.9893904451768583,0
Qualcomm QCS6490,resnet18,resnet18_hardswish_w1_0,,70.01,71.43,1.9879602407951862,20.37163843,20.16379138,0.98979723448783,49.08785336221972,97.85642795,1.9934957682487462,0
Qualcomm QCS6490,resnet18,resnet18_leakyrelu_w1_0,,70.51,71.54,1.4397539837852964,3.018636657,19.74271755,6.540276221789749,331.2753781350506,481.0131281,1.452003860980897,1
Qualcomm QCS6490,resnet18,resnet18_mish_w1_0,,71.82,71.96,0.19455252918288019,62.58197001,24.37026721,0.38941355163645164,15.979043162754538,24.27122023,1.5189407765399654,0
Qualcomm QCS6490,resnet18,resnet18_prelu_w1_0,,68.92,69.95,1.4724803431022175,20.1851826,20.0067534,0.9911603871247615,49.541290748590995,98.69562139,1.992189139577616,0
Qualcomm QCS6490,resnet18,resnet18_relu6_w1_0,,71.03,71.24,0.2947782144862349,2.719094335,19.73721324,7.258745305723275,367.76951322654276,587.3528919,1.5970679210111576,1
Qualcomm QCS6490,resnet18,resnet18_relu_w1_0,,71.02,71.03,0.014078558355631586,2.763471534,19.73338311,7.140794781930256,361.86368764672795,584.1822778,1.6143710953675798,1
Qualcomm QCS6490,resnet18,resnet18_selu_w1_0,,66.46,66.79,0.49408594100915176,22.01996652,20.06627627,0.9112764205056566,45.41332972017616,93.3809192,2.056244714390825,0
Qualcomm QCS6490,resnet18,resnet18_silu_w1_0,,71.92,72.54,0.8547008547008609,3.076074094,20.11195621,6.538189781978639,325.0896985708303,480.0073603,1.4765382059481542,1
Qualcomm QCS6490,resnet18,resnet18_w0_25,,51.79,51.88,0.17347725520432422,1.553813604,2.099303711,1.351065343742479,643.5778380532187,1214.237157,1.8866982130288839,1
Qualcomm QCS6490,resnet18,resnet18_w0_5,,63.38,63.65,0.42419481539669446,1.78534362,5.891118804,3.2997114605870665,560.1162649014311,1021.158285,1.8231184291348916,1
Qualcomm QCS6490,resnet18,resnet18_w0_75,,68.9,69.25,0.5054151624548655,2.353077977,11.63483679,4.944518160351641,424.975291840913,701.1253844,1.6498027011472993,1
Qualcomm QCS6490,resnet18,resnet18_w1_0,,71.19,71.66,0.6558749651130322,2.684377926,19.74787246,7.356591733499451,372.525787190518,582.6158795,1.563961206266876,1
Qualcomm QCS6490,resnet18,resnet18_w1_5,,74.7,74.76,0.08025682182985858,4.038510878,40.10451786,9.930521192470092,247.61602239269737,334.586254,1.3512302264082712,1
Qualcomm QCS6490,resnet18,resnet18_w2_0,,75.5,75.51,0.01324327903589606,6.120752313,68.88580777,11.254467465329698,163.37860917457454,217.4153679,1.3307456159556708,1
Qualcomm QCS6490,resnet34,resnet34_w1_0,,75.27,75.34,0.09291213166977354,3.801886235,39.48170176,10.384766749865676,263.0273338518242,375.8708746,1.429018304279151,1
Qualcomm QCS6490,resnet50,resnet50_w0_25,,64.52,64.55,0.0464756003098391,1.860398399,3.972552385,2.1353234807852575,537.5192757301443,1000.1731,1.860720433962867,1
Qualcomm QCS6490,resnet50,resnet50_w0_5,,72.37,72.83,0.6316078539063487,2.381230007,12.3180832,5.172991757952427,419.95103247495734,713.2303164,1.6983654313137844,1
Qualcomm QCS6490,resnet50,resnet50_w0_75,,75.72,75.69,-0.0396353547364264,3.184296012,25.04371203,7.864756271283487,314.04115579440673,464.6726342,1.4796552159685947,1
Qualcomm QCS6490,resnet50,resnet50_w1_0,,76.62,76.88,0.33818938605617965,4.238527982,43.50225789,10.263529714736706,235.93096571421904,330.2931461,1.3999567420076642,1
Qualcomm QCS6490,resnet50,resnet50_w1_5,,78.05,78.56,0.6491853360488863,8.619271758,90.60120102,10.511468203321035,116.0190823629441,157.76284,1.3598007912738728,1
Qualcomm QCS6490,resnet50,resnet50_w2_0,,78.96,79.22,0.32819994950770653,13.16632811,158.6679167,12.051037720948912,75.95132003739803,89.25455517,1.1751547586803168,1
Qualcomm QCS6490,resnext50,resnext50_c16_w1_0,,79.2,79.25,0.06309148264983869,4.363367704,48.58945796,11.135769721047557,229.18077683053778,300.3448908,1.3105151965781265,1
Qualcomm QCS6490,resnext50,resnext50_c32_w1_0,,79.75,79.9,0.18773466833542637,8.255986829,89.03554222,10.78436098120379,121.12422424020804,166.2922079,1.3729062781877295,1
Qualcomm QCS6490,resnext50,resnext50_c64_w1_0,,78.85,79.1,0.31605562579013907,13.35809964,161.737255,12.107804205598814,74.86094781068724,90.55563303,1.2096511689780152,1
Qualcomm QCS6490,resnext50,resnext50_c8_w1_0,,77.03,77.07,0.05190086933955112,3.393874498,27.80992115,8.194151305944962,294.64849115348756,462.7585835,1.5705445552712536,1
Qualcomm QCS6490,shufflenet,shufflenet_v2_x1_0,,70.43,70.92,0.6909193457416736,1.750223127,3.258141607,1.8615578532462167,571.355722920921,565.6750298,0.9900575195223741,1
Qualcomm QCS6490,shufflenet,shufflenet_v2_x1_5,,73.55,74.44,1.195593766792048,1.774794318,5.491278264,3.0940364234364197,563.445572175874,539.2833515,0.9571170280341967,1
Qualcomm QCS6490,shufflenet,shufflenet_v2_x2_0,,70.13,77.43,9.427870334495687,2.959616753,9.429556034,3.1860733402193984,337.8815851702269,334.72648,0.9906620978807195,0
Qualcomm QCS6490,vit_base,hf_vit_base_patch16_224,,22.26,78.02,71.4688541399641,334.8172649,153.1529665,0.4574225482241552,2.9867038078178867,7.14244944,2.3914153861873366,0
Qualcomm QCS6490,vit_small,hf_vit_small_patch16_224,,14.47,76.59,81.10719415067241,201.8572101,46.30474562,0.22939356784461967,4.953996934291325,16.29771956,3.2898122013738,0
Qualcomm QCS6490,vit_tiny,hf_vit_tiny_patch16_224,,0.16,48.42,99.6695580338703,109.7731168,14.34674815,0.13069455043477457,9.109698523199809,26.92346318,2.955472468318639,0
RTX PRO 6000 Max-Q,convnext,convnext_base,,84.52,84.52,0.0,5.435085375,200.0268021,36.802881334683725,183.98975011501085,411.3296311,2.235611662295755,1
RTX PRO 6000 Max-Q,convnext,convnext_small,,84.32,84.32,0.0,4.400136241,127.3870138,28.95069762000126,227.26569024888516,655.5449263,2.8844869878163046,1
RTX PRO 6000 Max-Q,convnext,convnext_tiny,,83.26,83.26,0.0,2.452316338,66.88334452,27.273538688139666,407.77773426064414,1127.162698,2.7641594998895602,1
RTX PRO 6000 Max-Q,densenet121,densenet121,,76.19,76.19,0.0,5.013381785,33.43113103,6.668379242535586,199.46615735350386,1749.523456,8.771029026740647,1
RTX PRO 6000 Max-Q,densenet169,densenet169,,77.77,77.77,0.0,7.631466035,40.7588258,5.340890677239317,131.0364214966987,1345.88887,10.271105198289531,1
RTX PRO 6000 Max-Q,densenet201,densenet201,,77.94,77.94,0.0,10.94228603,50.27842971,4.594874377452186,91.38858162346904,1065.76008,11.661851634715683,1
RTX PRO 6000 Max-Q,mobilenetv2,mobilenetv2_elu_w1_0,,65.86,65.86,0.0,0.927911143,9.326798826,10.05139220103104,1077.6893968176003,3741.208389,3.4715089524381786,1
RTX PRO 6000 Max-Q,mobilenetv2,mobilenetv2_gelu_w1_0,,70.42,70.42,0.0,0.918144522,11.58524334,12.618104298834993,1089.1531518607699,3682.271524,3.3808574282771917,1
RTX PRO 6000 Max-Q,mobilenetv2,mobilenetv2_hardswish_w1_0,,69.05,69.05,0.0,1.226754663,9.638785446,7.857141885589883,815.1589149492396,2973.648594,3.6479372788128934,1
RTX PRO 6000 Max-Q,mobilenetv2,mobilenetv2_leakyrelu_w1_0,,68.34,68.34,0.0,0.940102234,8.312819302,8.842463086839127,1063.714098141373,3723.040783,3.5000389573714092,1
RTX PRO 6000 Max-Q,mobilenetv2,mobilenetv2_mish_w1_0,,69.86,69.86,0.0,1.133314315,20.95798212,18.492647487647766,882.3677480858432,3162.364553,3.583953017163476,1
RTX PRO 6000 Max-Q,mobilenetv2,mobilenetv2_prelu_w1_0,,68.62,68.62,0.0,0.933879346,8.766328158,9.38700293089039,1070.8021376457339,3743.176637,3.49567534972404,1
RTX PRO 6000 Max-Q,mobilenetv2,mobilenetv2_relu6_w1_0,,67.65,67.65,0.0,0.930129517,8.320432676,8.94545600792927,1075.119090108394,3686.864271,3.429261283629787,1
RTX PRO 6000 Max-Q,mobilenetv2,mobilenetv2_relu_w1_0,,67.81,67.81,0.0,0.966564256,8.290890077,8.577691576668443,1034.5923654764242,3848.748603,3.7200628299897343,1
RTX PRO 6000 Max-Q,mobilenetv2,mobilenetv2_selu_w1_0,,62.73,62.73,0.0,0.9185866,9.460095424,10.298534100105531,1088.6289871853128,3761.113787,3.454908725813454,1
RTX PRO 6000 Max-Q,mobilenetv2,mobilenetv2_silu_w1_0,,69.57,69.57,0.0,0.936452556,9.802363386,10.467549394995725,1067.859758182987,3741.406001,3.5036492126701884,1
RTX PRO 6000 Max-Q,mobilenetv2,mobilenetv2_w0_25,,48.62,48.62,0.0,0.848692278,2.205613778,2.5988380419787442,1178.2833730460782,5007.671223,4.249971897722917,1
RTX PRO 6000 Max-Q,mobilenetv2,mobilenetv2_w0_5,,60.62,60.62,0.0,0.868025793,3.888707897,4.479945098820353,1152.0394993608213,4592.489054,3.98639895294217,1
RTX PRO 6000 Max-Q,mobilenetv2,mobilenetv2_w0_75,,66.19,66.19,0.0,0.906575665,6.655033343,7.340847101824646,1103.051889220962,3892.554385,3.528895080130041,1
RTX PRO 6000 Max-Q,mobilenetv2,mobilenetv2_w1_0,,68.22,68.22,0.0,0.920899498,8.311589617,9.025512159634166,1085.8948258434168,3620.165054,3.333808180905743,1
RTX PRO 6000 Max-Q,mobilenetv2,mobilenetv2_w1_5,,71.6,71.6,0.0,0.996612974,14.567666,14.617174750927935,1003.3985369329538,2852.26924,2.84260852992512,1
RTX PRO 6000 Max-Q,mobilenetv2,mobilenetv2_w2_0,,73.11,73.11,0.0,1.082808905,21.14539736,19.528281733146624,923.523989673875,2378.15595,2.575088440138735,1
RTX PRO 6000 Max-Q,regnet,regnet_x_1_6gf,,80.43,80.43,0.0,1.702352884,19.33186034,11.355965335798144,587.4222726667052,2802.715067,4.771210077337703,1
RTX PRO 6000 Max-Q,regnet,regnet_x_3_2gf,,81.82,81.82,0.0,2.643562776,35.50264245,13.429846558710963,378.27737970842117,2160.228231,5.71069893913593,1
RTX PRO 6000 Max-Q,regnet,regnet_x_400mf,,76.34,76.34,0.0,1.668272777,6.558317315,3.9312020224855586,599.4223569350972,3794.607584,6.330440531784942,1
RTX PRO 6000 Max-Q,regnet,regnet_x_800mf,,78.55,78.55,0.0,1.298402451,10.95181375,8.434837550995965,770.1772275844232,3551.488751,4.611261698997329,1
RTX PRO 6000 Max-Q,regnet,regnet_x_8gf,,82.56,82.56,0.0,4.272186835,81.48289616,19.072877499750074,234.0721599082405,1391.277675,5.9437981669644095,1
RTX PRO 6000 Max-Q,regnet,regnet_y_1_6gf,,82.18,82.18,0.0,3.071141966,20.78907768,6.769168573173019,325.61177928952833,2396.104196,7.358776151244288,1
RTX PRO 6000 Max-Q,regnet,regnet_y_3_2gf,,82.56,82.56,0.0,2.827367226,36.56449678,12.93234796094365,353.68592760224635,1862.08394,5.26479510401695,1
RTX PRO 6000 Max-Q,regnet,regnet_y_400mf,,77.7,77.7,0.0,1.713100112,7.274474042,4.246379993231826,583.7370466531147,3676.731174,6.298608585973291,1
RTX PRO 6000 Max-Q,regnet,regnet_y_800mf,,80.32,80.32,0.0,1.586866231,13.8139209,8.705157769533505,630.1728403217877,3302.301816,5.240311236380375,1
RTX PRO 6000 Max-Q,regnet,regnet_y_8gf,,83.8,83.8,0.0,4.068486731,87.76306612,21.571427393700404,245.7916336264438,1216.971585,4.951232745576538,1
RTX PRO 6000 Max-Q,resnet10,resnet10_w1_0,,64.76,64.76,0.0,0.719145115,9.861117656,13.712277884276526,1390.5399329591496,4922.276255,3.5398309234637444,1
RTX PRO 6000 Max-Q,resnet101,resnet101_w1_0,,79.21,79.21,0.0,6.558203572,83.42526393,12.720749365905776,152.48078060117894,1381.89816,9.062769449052228,1
RTX PRO 6000 Max-Q,resnet18,resnet18_elu_w1_0,,68.68,68.68,0.0,1.507290864,20.04066215,13.29581610865519,663.441956614951,4116.050508,6.20408532647096,1
RTX PRO 6000 Max-Q,resnet18,resnet18_gelu_w1_0,,72.21,72.21,0.0,1.460630131,20.92428731,14.32552079127279,684.6360202876028,4065.456468,5.938128213429637,1
RTX PRO 6000 Max-Q,resnet18,resnet18_hardswish_w1_0,,71.43,71.43,0.0,1.770342399,20.16379138,11.389769228477931,564.8624811589343,3687.892705,6.528832818624299,1
RTX PRO 6000 Max-Q,resnet18,resnet18_leakyrelu_w1_0,,71.54,71.54,0.0,1.368702,19.74271755,14.424409075167565,730.6192290213647,4094.741421,5.604480772405543,1
RTX PRO 6000 Max-Q,resnet18,resnet18_mish_w1_0,,71.96,71.96,0.0,1.749570022,24.37026721,13.929289427433961,571.5690069134026,3796.964718,6.643055645204484,1
RTX PRO 6000 Max-Q,resnet18,resnet18_prelu_w1_0,,69.95,69.95,0.0,1.491306978,20.0067534,13.415583575442776,670.5527532239577,4068.403561,6.067238619839348,1
RTX PRO 6000 Max-Q,resnet18,resnet18_relu6_w1_0,,71.24,71.24,0.0,1.647623331,19.73721324,11.979202326554091,606.9348383122648,4036.197412,6.650133024533019,1
RTX PRO 6000 Max-Q,resnet18,resnet18_relu_w1_0,,71.03,71.03,0.0,1.500973911,19.73338311,13.147052700504931,666.2340981887992,4202.288546,6.307525474040124,1
RTX PRO 6000 Max-Q,resnet18,resnet18_selu_w1_0,,66.79,66.79,0.0,1.531105531,20.06627627,13.10574344075046,653.1228447374735,4102.298511,6.281051940005164,1
RTX PRO 6000 Max-Q,resnet18,resnet18_silu_w1_0,,72.54,72.54,0.0,1.545218629,20.11195621,13.015605580043779,647.1576133191959,4096.06584,6.329317241578534,1
RTX PRO 6000 Max-Q,resnet18,resnet18_w0_25,,51.88,51.88,0.0,0.602324806,2.099303711,3.4853349722408744,1660.2337975102423,5773.322341,3.477415259018291,1
RTX PRO 6000 Max-Q,resnet18,resnet18_w0_5,,63.65,63.65,0.0,0.809221248,5.891118804,7.279985317439417,1235.7559844993098,5204.377799,4.211493097570273,1
RTX PRO 6000 Max-Q,resnet18,resnet18_w0_75,,69.25,69.25,0.0,1.093151174,11.63483679,10.643392301749474,914.7865581490013,4595.88851,5.024000920279611,1
RTX PRO 6000 Max-Q,resnet18,resnet18_w1_0,,71.66,71.66,0.0,1.428458304,19.74787246,13.82460545379699,700.0554354297765,4172.814878,5.960692063533847,1
RTX PRO 6000 Max-Q,resnet18,resnet18_w1_5,,74.76,74.76,0.0,2.482833636,40.10451786,16.15272053612536,402.76560841630226,3209.823689,7.969458220678804,1
RTX PRO 6000 Max-Q,resnet18,resnet18_w2_0,,75.51,75.51,0.0,4.393188671,68.88580777,15.680138716719368,227.625097597362,2493.198637,10.953092006621041,1
RTX PRO 6000 Max-Q,resnet34,resnet34_w1_0,,75.34,75.34,0.0,2.958810153,39.48170176,13.343776625873975,337.9736949280368,3371.634388,9.976026059418341,1
RTX PRO 6000 Max-Q,resnet50,resnet50_w0_25,,64.55,64.55,0.0,1.176645531,3.972552385,3.376167486586919,849.8736226449834,4767.055787,5.609134887801238,1
RTX PRO 6000 Max-Q,resnet50,resnet50_w0_5,,72.83,72.83,0.0,1.562555092,12.3180832,7.8832952918373005,639.9774351124126,3565.410423,5.571150211528524,1
RTX PRO 6000 Max-Q,resnet50,resnet50_w0_75,,75.69,75.69,0.0,2.721727921,25.04371203,9.201401740699563,367.4136537617568,2577.145989,7.014290194754458,1
RTX PRO 6000 Max-Q,resnet50,resnet50_w1_0,,76.88,76.88,0.0,3.520070045,43.50225789,12.358350070843548,284.08525603643204,2082.422585,7.330273362489967,1
RTX PRO 6000 Max-Q,resnet50,resnet50_w1_5,,78.56,78.56,0.0,5.725646195,90.60120102,15.823751229881923,174.6527755894634,1219.726518,6.983722496727299,1
RTX PRO 6000 Max-Q,resnet50,resnet50_w2_0,,79.22,79.22,0.0,7.423236597,158.6679167,21.37449273328072,134.7121281846434,854.7084158,6.344702791930453,1
RTX PRO 6000 Max-Q,resnext50,resnext50_c16_w1_0,,79.25,79.25,0.0,2.506436687,48.58945796,19.385870870792914,398.97277485070583,1675.965986,4.200702633474528,1
RTX PRO 6000 Max-Q,resnext50,resnext50_c32_w1_0,,79.9,79.9,0.0,3.692858548,89.03554222,24.11019568248028,270.7929337129866,1150.98413,4.250421583082844,1
RTX PRO 6000 Max-Q,resnext50,resnext50_c64_w1_0,,79.1,79.1,0.0,5.161503265,161.737255,31.335300337158653,193.74200667099643,665.8079392,3.436569852043722,1
RTX PRO 6000 Max-Q,resnext50,resnext50_c8_w1_0,,77.07,77.07,0.0,1.926864334,27.80992115,14.432734396131078,518.9778970707753,2228.401127,4.2938266534617044,1
RTX PRO 6000 Max-Q,shufflenet,shufflenet_v2_x1_0,,70.92,70.92,0.0,1.251122524,3.258141607,2.6041746867311617,799.2822292119489,5102.246671,6.383535733092117,1
RTX PRO 6000 Max-Q,shufflenet,shufflenet_v2_x1_5,,74.44,74.44,0.0,1.299413167,5.491278264,4.225967847222838,769.5781645100107,4635.872012,6.023913132919582,1
RTX PRO 6000 Max-Q,shufflenet,shufflenet_v2_x2_0,,77.43,77.43,0.0,1.349113839,9.429556034,6.989444301445641,741.2272938666372,3946.951999,5.324887563719614,1
RTX PRO 6000 Max-Q,vit_base,hf_vit_base_patch16_224,,78.02,78.02,0.0,4.108365129,153.1529665,37.278324026978176,243.40582411753792,412.2743105,1.6937734008407186,1
RTX PRO 6000 Max-Q,vit_small,hf_vit_small_patch16_224,,76.59,76.59,0.0,2.377659151,46.30474562,19.474930038027136,420.5817303878137,1361.569544,3.237348286014497,1
RTX PRO 6000 Max-Q,vit_tiny,hf_vit_tiny_patch16_224,,48.42,48.42,0.0,1.936013124,14.34674815,7.410460173099529,516.5254241324037,2841.37754,5.5009442076788355,1
