accelerator,model,throughput_original,throughput_scaled
Apple M4 CPU,convnext_base,4.999330037282039,18.653477874909743
Apple M4 CPU,convnext_small,7.850093743228951,22.70120631817406
Apple M4 CPU,convnext_tiny,14.951405423527707,28.83473107243957
Apple M4 CPU,densenet121,29.912239556078216,35.72293711935267
Apple M4 CPU,densenet169,24.534563505507073,33.73312721354766
Apple M4 CPU,densenet201,19.889244866394616,31.642542723548413
Apple M4 CPU,hf_vit_base_patch16_224,6.5294197223401484,21.018626768675425
Apple M4 CPU,hf_vit_small_patch16_224,21.59605860285903,32.46026149475415
Apple M4 CPU,hf_vit_tiny_patch16_224,69.70220634980618,44.336505353863934
Apple M4 CPU,mobilenetv2_elu_w1_0,107.2179231755631,48.76830832882256
Apple M4 CPU,mobilenetv2_gelu_w1_0,86.31670226099887,46.53397743857118
Apple M4 CPU,mobilenetv2_hardswish_w1_0,103.74751109487451,48.428958571039324
Apple M4 CPU,mobilenetv2_leakyrelu_w1_0,120.29613103215269,49.956117929041646
Apple M4 CPU,mobilenetv2_mish_w1_0,47.71451727910912,40.45827947545663
Apple M4 CPU,mobilenetv2_prelu_w1_0,114.07284577721599,49.407756644950666
Apple M4 CPU,mobilenetv2_relu6_w1_0,120.18605749728202,49.946665568664656
Apple M4 CPU,mobilenetv2_relu_w1_0,120.61431169786331,49.98339294540292
Apple M4 CPU,mobilenetv2_selu_w1_0,105.70717896386411,48.621939660764376
Apple M4 CPU,mobilenetv2_silu_w1_0,102.0162139090076,48.25543873710983
Apple M4 CPU,mobilenetv2_w0_25,453.3885351889564,63.7065764038148
Apple M4 CPU,mobilenetv2_w0_5,257.1548253268044,57.82006886129427
Apple M4 CPU,mobilenetv2_w0_75,150.26220733391747,52.25473525234214
Apple M4 CPU,mobilenetv2_w1_0,120.31392863221535,49.957645459259425
Apple M4 CPU,mobilenetv2_w1_5,68.64517624168484,44.179675613764054
Apple M4 CPU,mobilenetv2_w2_0,47.291615426989544,40.36750153650346
Apple M4 CPU,regnet_x_1_6gf,51.728079057703354,41.282557141020185
Apple M4 CPU,regnet_x_3_2gf,28.166917474054102,35.117859430981895
Apple M4 CPU,regnet_x_400mf,152.47813607811077,52.40615086698852
Apple M4 CPU,regnet_x_800mf,91.309076544513,47.11285605450136
Apple M4 CPU,regnet_x_8gf,12.272514197782044,26.92058668655692
Apple M4 CPU,regnet_y_1_6gf,48.10218208776254,40.540803959701115
Apple M4 CPU,regnet_y_3_2gf,27.34893374895231,34.82170136521366
Apple M4 CPU,regnet_y_400mf,137.4669830734685,51.33454972117126
Apple M4 CPU,regnet_y_800mf,72.39074316691651,44.72506780744531
Apple M4 CPU,regnet_y_8gf,11.394314763714865,26.20785237282834
Apple M4 CPU,resnet101_w1_0,11.986776581720788,26.69399773118735
Apple M4 CPU,resnet10_w1_0,101.40838339876716,48.19382628554455
Apple M4 CPU,resnet18_elu_w1_0,49.89855088196275,40.91489405550888
Apple M4 CPU,resnet18_gelu_w1_0,47.791352947160426,40.47468799390324
Apple M4 CPU,resnet18_hardswish_w1_0,49.593847761779415,40.852379397390706
Apple M4 CPU,resnet18_leakyrelu_w1_0,50.651588235886,41.06780030734253
Apple M4 CPU,resnet18_mish_w1_0,41.033608346717834,38.9225259283226
Apple M4 CPU,resnet18_prelu_w1_0,49.98312219912702,40.932178853047226
Apple M4 CPU,resnet18_relu6_w1_0,50.66571394047522,41.070647220606055
Apple M4 CPU,resnet18_relu_w1_0,50.675547848318246,41.072628699935585
Apple M4 CPU,resnet18_selu_w1_0,49.834856579496304,40.90185715886637
Apple M4 CPU,resnet18_silu_w1_0,49.721667527437404,40.87864936036043
Apple M4 CPU,resnet18_w0_25,476.34841722051334,64.21979387435113
Apple M4 CPU,resnet18_w0_5,169.7470435193077,53.51626204257105
Apple M4 CPU,resnet18_w0_75,85.94877762784672,46.49001464159868
Apple M4 CPU,resnet18_w1_0,50.63836633670461,41.06513484268735
Apple M4 CPU,resnet18_w1_5,24.93484657990101,33.895070878282596
Apple M4 CPU,resnet18_w2_0,14.516778308513983,28.547117134431993
Apple M4 CPU,resnet34_w1_0,25.328188893142585,34.0517897904046
Apple M4 CPU,resnet50_w0_25,251.72732870078943,57.59884481055329
Apple M4 CPU,resnet50_w0_5,81.18146173911214,45.90292435453099
Apple M4 CPU,resnet50_w0_75,39.93018282601615,38.6455658232884
Apple M4 CPU,resnet50_w1_0,22.987312578777043,33.08233520901524
Apple M4 CPU,resnet50_w1_5,11.037381279076557,25.9036225763536
Apple M4 CPU,resnet50_w2_0,6.302471355256661,20.699985807690837
Apple M4 CPU,resnext50_c16_w1_0,20.580595914925084,31.981537908843308
Apple M4 CPU,resnext50_c32_w1_0,11.23146975989742,26.070154299089282
Apple M4 CPU,resnext50_c64_w1_0,6.182867391931438,20.52805094113747
Apple M4 CPU,resnext50_c8_w1_0,35.95839033869393,37.58282630224486
Apple M4 CPU,shufflenet_v2_x1_0,306.9234307838358,59.6555034504255
Apple M4 CPU,shufflenet_v2_x1_5,182.10696160780097,54.243883275369846
Apple M4 CPU,shufflenet_v2_x2_0,106.0495315361949,48.65528931841185
Apple M4 ANE,convnext_base,3.9358396594717195,16.621962600544517
Apple M4 ANE,convnext_small,5.914894113872383,20.132200791051922
Apple M4 ANE,convnext_tiny,9.86297649818497,24.834828899286013
Apple M4 ANE,densenet121,536.0379282813125,65.4464809763366
Apple M4 ANE,densenet169,439.7737251777796,63.38985276181281
Apple M4 ANE,densenet201,344.5824401591372,60.85676615220557
Apple M4 ANE,hf_vit_base_patch16_224,3.7658120975426477,16.25699418105917
Apple M4 ANE,hf_vit_small_patch16_224,3.887785831389628,16.520104205753935
Apple M4 ANE,hf_vit_tiny_patch16_224,11.537136174000935,26.327137880931527
Apple M4 ANE,mobilenetv2_elu_w1_0,81.89759619736488,45.993256533141455
Apple M4 ANE,mobilenetv2_gelu_w1_0,39.824220843330615,38.61857747321829
Apple M4 ANE,mobilenetv2_hardswish_w1_0,1228.1409532017296,74.067102885475
Apple M4 ANE,mobilenetv2_leakyrelu_w1_0,2453.0343093668207,81.26569787409933
Apple M4 ANE,mobilenetv2_mish_w1_0,38.08334209234333,38.16485892429628
Apple M4 ANE,mobilenetv2_prelu_w1_0,2454.3741720276107,81.27138075163748
Apple M4 ANE,mobilenetv2_relu6_w1_0,2239.9821496718487,80.32014818071721
Apple M4 ANE,mobilenetv2_relu_w1_0,2489.3475714256174,81.41862982794268
Apple M4 ANE,mobilenetv2_selu_w1_0,80.70116418861919,45.84189821863121
Apple M4 ANE,mobilenetv2_silu_w1_0,1456.7036621956881,75.8427263588155
Apple M4 ANE,mobilenetv2_w0_25,3891.8035037751274,86.06945731040074
Apple M4 ANE,mobilenetv2_w0_5,3227.9934379929077,84.12295975869783
Apple M4 ANE,mobilenetv2_w0_75,2444.5608435671,81.22968659990728
Apple M4 ANE,mobilenetv2_w1_0,2233.2958260232535,80.28903783248107
Apple M4 ANE,mobilenetv2_w1_5,1462.8792852655026,75.88674132550541
Apple M4 ANE,mobilenetv2_w2_0,1057.2715397462948,72.50874655838015
Apple M4 ANE,regnet_x_1_6gf,1743.516546294575,77.71276261571859
Apple M4 ANE,regnet_x_3_2gf,1153.1887479965033,73.41204346636816
Apple M4 ANE,regnet_x_400mf,2701.365234871956,82.2692906268879
Apple M4 ANE,regnet_x_800mf,2087.8034684453537,79.5879923619914
Apple M4 ANE,regnet_x_8gf,602.533259141485,66.66182349524414
Apple M4 ANE,regnet_y_1_6gf,1611.9243067748253,76.89621481734841
Apple M4 ANE,regnet_y_3_2gf,1047.6225887829448,72.41338406593205
Apple M4 ANE,regnet_y_400mf,2614.1624887906023,81.92778606798912
Apple M4 ANE,regnet_y_800mf,2106.9131547737497,79.68280889818013
Apple M4 ANE,regnet_y_8gf,464.2027496492832,63.951458662982716
Apple M4 ANE,resnet101_w1_0,548.4747607159975,65.68483973763472
Apple M4 ANE,resnet10_w1_0,2522.764537915651,81.55740653686765
Apple M4 ANE,resnet18_elu_w1_0,181.93452090610336,54.234073779724945
Apple M4 ANE,resnet18_gelu_w1_0,97.94268117120073,47.835385533498915
Apple M4 ANE,resnet18_hardswish_w1_0,1295.8686308510348,74.62553767119955
Apple M4 ANE,resnet18_leakyrelu_w1_0,1599.2301664206407,76.81395057139788
Apple M4 ANE,resnet18_mish_w1_0,90.10800453553234,46.976500558789596
Apple M4 ANE,resnet18_prelu_w1_0,1596.2267141489206,76.79439127009222
Apple M4 ANE,resnet18_relu6_w1_0,1548.798443251884,76.4805521109624
Apple M4 ANE,resnet18_relu_w1_0,1599.295759707987,76.81437732305707
Apple M4 ANE,resnet18_selu_w1_0,182.89073636136922,54.28835313525814
Apple M4 ANE,resnet18_silu_w1_0,1367.8798895418934,75.18816920413198
Apple M4 ANE,resnet18_w0_25,5662.134992024826,89.97213251701795
Apple M4 ANE,resnet18_w0_5,3508.239182162931,84.98948415312871
Apple M4 ANE,resnet18_w0_75,2259.6990701803825,80.41135016673216
Apple M4 ANE,resnet18_w1_0,1589.6710753078185,76.75157109743543
Apple M4 ANE,resnet18_w1_5,859.0271806327881,70.34913792065247
Apple M4 ANE,resnet18_w2_0,522.2606450191169,65.17590014610064
Apple M4 ANE,resnet34_w1_0,1008.610063348206,72.01865528847617
Apple M4 ANE,resnet50_w0_25,3690.5079644317257,85.51667114007473
Apple M4 ANE,resnet50_w0_5,2094.5685466533682,79.62165747540894
Apple M4 ANE,resnet50_w0_75,1254.6322213512901,74.28911139715565
Apple M4 ANE,resnet50_w1_0,796.0481666233383,69.5573661557701
Apple M4 ANE,resnet50_w1_5,377.63171266775163,61.8076638932265
Apple M4 ANE,resnet50_w2_0,224.2802342484231,56.40189274849964
Apple M4 ANE,resnext50_c16_w1_0,736.064656107825,68.74278715072087
Apple M4 ANE,resnext50_c32_w1_0,444.95863963720615,63.51160898165224
Apple M4 ANE,resnext50_c64_w1_0,153.62054675845224,52.48336051527928
Apple M4 ANE,resnext50_c8_w1_0,1102.1828957094838,72.94146934541506
Apple M4 ANE,shufflenet_v2_x1_0,201.82924431832228,55.30890214781207
Apple M4 ANE,shufflenet_v2_x1_5,129.31590226766954,50.702888893423825
Apple M4 ANE,shufflenet_v2_x2_0,84.0600092772325,46.261358594939615
Mobilint-ARIES,convnext_base,57.01541781223446,42.27747308473588
Mobilint-ARIES,convnext_small,79.56191775967007,45.69569993890427
Mobilint-ARIES,convnext_tiny,117.77977509714972,49.73785671305948
Mobilint-ARIES,densenet121,344.8425887620875,60.86460069383832
Mobilint-ARIES,densenet169,230.6025553221353,56.690054703869706
Mobilint-ARIES,densenet201,143.2087232391614,51.757561010546006
Mobilint-ARIES,hf_vit_base_patch16_224,38.75486094663656,38.34222443265783
Mobilint-ARIES,hf_vit_small_patch16_224,104.21264035520193,48.475087637413516
Mobilint-ARIES,hf_vit_tiny_patch16_224,221.3896994914688,56.26744192248182
Mobilint-ARIES,mobilenetv2_elu_w1_0,1129.7937764259118,73.19884111712517
Mobilint-ARIES,mobilenetv2_gelu_w1_0,1147.7450031833798,73.36282202881223
Mobilint-ARIES,mobilenetv2_hardswish_w1_0,1154.6584262943925,73.42529225781615
Mobilint-ARIES,mobilenetv2_leakyrelu_w1_0,1148.228881694319,73.36720661310615
Mobilint-ARIES,mobilenetv2_mish_w1_0,1156.2616391103252,73.43972562939592
Mobilint-ARIES,mobilenetv2_prelu_w1_0,1162.3095947572613,73.49399463293076
Mobilint-ARIES,mobilenetv2_relu6_w1_0,1145.7957225887394,73.34514022235919
Mobilint-ARIES,mobilenetv2_relu_w1_0,1153.3998794775557,73.41394780252958
Mobilint-ARIES,mobilenetv2_selu_w1_0,1143.7456672340697,73.32651183892375
Mobilint-ARIES,mobilenetv2_silu_w1_0,1151.3562348381568,73.39550015532993
Mobilint-ARIES,mobilenetv2_w0_25,1533.6546260024768,76.37831752234261
Mobilint-ARIES,mobilenetv2_w0_5,1445.1262853735357,75.75970717468009
Mobilint-ARIES,mobilenetv2_w0_75,1243.770991208528,74.19866133485841
Mobilint-ARIES,mobilenetv2_w1_0,1166.2285237457522,73.5290092002056
Mobilint-ARIES,mobilenetv2_w1_5,939.8521671375837,71.28430680259272
Mobilint-ARIES,mobilenetv2_w2_0,828.2322042541736,69.96950066781486
Mobilint-ARIES,regnet_x_1_6gf,349.24768172706723,60.99637552944283
Mobilint-ARIES,regnet_x_3_2gf,262.9338487351418,58.0505657621884
Mobilint-ARIES,regnet_x_400mf,772.8838929406116,69.25030142627999
Mobilint-ARIES,regnet_x_800mf,560.2984859746542,65.90649726951132
Mobilint-ARIES,regnet_x_8gf,118.74252690418867,49.82190422850035
Mobilint-ARIES,regnet_y_1_6gf,240.08680726496945,57.10790692386127
Mobilint-ARIES,regnet_y_3_2gf,136.1267649025647,51.233287666524035
Mobilint-ARIES,regnet_y_400mf,542.198864560212,65.56524082390625
Mobilint-ARIES,regnet_y_800mf,419.90189600217855,62.90955759011814
Mobilint-ARIES,regnet_y_8gf,68.15758275501324,44.10652823730322
Mobilint-ARIES,resnet101_w1_0,344.17127543926364,60.844371628706654
Mobilint-ARIES,resnet10_w1_0,1169.084459785472,73.55445223971547
Mobilint-ARIES,resnet18_elu_w1_0,887.4249957711536,70.68736356494423
Mobilint-ARIES,resnet18_gelu_w1_0,885.9189625083826,70.6696995537047
Mobilint-ARIES,resnet18_hardswish_w1_0,871.9754485197554,70.50471933197372
Mobilint-ARIES,resnet18_leakyrelu_w1_0,874.8233798301407,70.5386292868104
Mobilint-ARIES,resnet18_mish_w1_0,874.9537103552153,70.54017847605864
Mobilint-ARIES,resnet18_prelu_w1_0,884.0363458070865,70.64757642849648
Mobilint-ARIES,resnet18_relu6_w1_0,875.937295608244,70.55186255042229
Mobilint-ARIES,resnet18_relu_w1_0,884.9953263839312,70.658851536129
Mobilint-ARIES,resnet18_selu_w1_0,884.2518564337174,70.65011133466092
Mobilint-ARIES,resnet18_silu_w1_0,887.8013488088898,70.69177307016088
Mobilint-ARIES,resnet18_w0_25,1333.7566392371523,74.92534683905602
Mobilint-ARIES,resnet18_w0_5,1228.4905282581751,74.07006351572323
Mobilint-ARIES,resnet18_w0_75,986.9361132004905,71.79271407484232
Mobilint-ARIES,resnet18_w1_0,880.1684544547094,70.60197577456121
Mobilint-ARIES,resnet18_w1_5,437.45724626436163,63.33499178337275
Mobilint-ARIES,resnet18_w2_0,338.53435225289826,60.67294226939296
Mobilint-ARIES,resnet34_w1_0,595.8947354118952,66.54667003429482
Mobilint-ARIES,resnet50_w0_25,1183.8118876315716,73.68467831152634
Mobilint-ARIES,resnet50_w0_5,965.7443375589515,71.56695471489996
Mobilint-ARIES,resnet50_w0_75,647.956662315413,67.41732113435347
Mobilint-ARIES,resnet50_w1_0,499.4307281297026,64.71144425738119
Mobilint-ARIES,resnet50_w1_5,166.99947530067456,53.34736566376263
Mobilint-ARIES,resnet50_w2_0,116.06443922271306,49.586406889150425
Mobilint-ARIES,resnext50_c16_w1_0,224.20176537456544,56.39826566834637
Mobilint-ARIES,resnext50_c32_w1_0,76.79162820372389,45.331383427954435
Mobilint-ARIES,resnext50_c64_w1_0,15.305810635256968,29.063516238903443
Mobilint-ARIES,resnext50_c8_w1_0,500.815466806661,64.74021366063106
Mobilint-ARIES,shufflenet_v2_x1_0,1539.5078732772693,76.41795139383754
Mobilint-ARIES,shufflenet_v2_x1_5,1196.7130356946936,73.7974324062921
Mobilint-ARIES,shufflenet_v2_x2_0,1009.4929415178419,72.02775577188477
DeepX M1,convnext_base,0.7397962833775489,5.765474464764364
DeepX M1,convnext_small,1.1916211474557925,8.1691799088661
DeepX M1,convnext_tiny,2.168824188425452,12.008044446377617
DeepX M1,densenet121,0.0,0.0
DeepX M1,densenet169,0.0,0.0
DeepX M1,densenet201,0.0,0.0
DeepX M1,hf_vit_base_patch16_224,30.517911039199223,35.924956734950406
DeepX M1,hf_vit_small_patch16_224,61.6646007483801,43.0800625058202
DeepX M1,hf_vit_tiny_patch16_224,110.16694624230202,49.048228908416476
DeepX M1,mobilenetv2_elu_w1_0,0.0,0.0
DeepX M1,mobilenetv2_gelu_w1_0,633.9600477883395,67.19031346661244
DeepX M1,mobilenetv2_hardswish_w1_0,647.6876029214462,67.41300366081097
DeepX M1,mobilenetv2_leakyrelu_w1_0,602.7747719141252,66.66598891901201
DeepX M1,mobilenetv2_mish_w1_0,594.1263465678326,66.51577908038313
DeepX M1,mobilenetv2_prelu_w1_0,145.09284705222274,51.892707049833476
DeepX M1,mobilenetv2_relu6_w1_0,605.7012831352241,66.71633109780221
DeepX M1,mobilenetv2_relu_w1_0,600.0375628314633,66.6186818016554
DeepX M1,mobilenetv2_selu_w1_0,10.852680696978412,25.742633350601228
DeepX M1,mobilenetv2_silu_w1_0,605.1324707473336,66.70656536193896
DeepX M1,mobilenetv2_w0_25,788.0637698964499,69.45254495903245
DeepX M1,mobilenetv2_w0_5,800.0569211697364,69.6095988241588
DeepX M1,mobilenetv2_w0_75,628.8640029850615,67.10641719843917
DeepX M1,mobilenetv2_w1_0,612.6837744751781,66.83547050480274
DeepX M1,mobilenetv2_w1_5,480.4323098267302,64.30848799142144
DeepX M1,mobilenetv2_w2_0,431.9202903958022,63.20267719866414
DeepX M1,regnet_x_1_6gf,218.5766537137821,56.134906908795344
DeepX M1,regnet_x_3_2gf,174.77015375869865,53.81812895309818
DeepX M1,regnet_x_400mf,418.6448802486666,62.87841775360131
DeepX M1,regnet_x_800mf,316.09524099566784,59.96108731236944
DeepX M1,regnet_x_8gf,87.45582858626813,46.66892471801189
DeepX M1,regnet_y_1_6gf,202.65989560608182,55.3514529322494
DeepX M1,regnet_y_3_2gf,125.84386768417097,50.421734693288975
DeepX M1,regnet_y_400mf,420.1091038550661,62.91468178484282
DeepX M1,regnet_y_800mf,317.4468915731165,60.00537244125264
DeepX M1,regnet_y_8gf,72.7004130705883,44.768905758719924
DeepX M1,resnet101_w1_0,205.6478102405955,55.50308929541713
DeepX M1,resnet10_w1_0,667.4018569751894,67.72470213907405
DeepX M1,resnet18_elu_w1_0,0.0,0.0
DeepX M1,resnet18_gelu_w1_0,508.175892014737,64.8918140457522
DeepX M1,resnet18_hardswish_w1_0,508.7247345027421,64.9030304359167
DeepX M1,resnet18_leakyrelu_w1_0,506.3563125649493,64.85454163221891
DeepX M1,resnet18_mish_w1_0,499.45955105224175,64.7120438947836
DeepX M1,resnet18_prelu_w1_0,299.45805052260505,59.399977555332306
DeepX M1,resnet18_relu6_w1_0,516.4590838655539,65.05982138709193
DeepX M1,resnet18_relu_w1_0,504.8931512749621,64.82447302632997
DeepX M1,resnet18_selu_w1_0,6.014370720559467,20.280909814245884
DeepX M1,resnet18_silu_w1_0,495.37170279870134,64.62665277178938
DeepX M1,resnet18_w0_25,833.0657803735367,70.0300120250889
DeepX M1,resnet18_w0_5,710.3590286870872,68.3732012764998
DeepX M1,resnet18_w0_75,569.754129806974,66.08042617480005
DeepX M1,resnet18_w1_0,507.0702639968079,64.86918218199091
DeepX M1,resnet18_w1_5,292.07620977006616,59.14099026960927
DeepX M1,resnet18_w2_0,225.68877181593797,56.46678582403069
DeepX M1,resnet34_w1_0,362.542659311625,61.38426174241217
DeepX M1,resnet50_w0_25,811.0680743701506,69.75173633331298
DeepX M1,resnet50_w0_5,595.4777023508337,66.53939338119663
DeepX M1,resnet50_w0_75,427.53741193378636,63.09673563286421
DeepX M1,resnet50_w1_0,321.0735481940715,60.12327283523125
DeepX M1,resnet50_w1_5,183.59115788074482,54.32793361203484
DeepX M1,resnet50_w2_0,125.37710892343286,50.38335244050601
DeepX M1,resnext50_c16_w1_0,167.328991963896,53.367766645300534
DeepX M1,resnext50_c32_w1_0,56.09944635759327,42.11178286616826
DeepX M1,resnext50_c64_w1_0,0.0,0.0
DeepX M1,resnext50_c8_w1_0,322.6064709540228,60.172708560721034
DeepX M1,shufflenet_v2_x1_0,632.4708352376266,67.16586637215192
DeepX M1,shufflenet_v2_x1_5,489.9416258070049,64.51212981897866
DeepX M1,shufflenet_v2_x2_0,429.3653221077865,63.14105042243335
Hailo-8,convnext_base,10.34982828097415,25.29128613158169
Hailo-8,convnext_small,13.79746880754624,28.052934239732835
Hailo-8,convnext_tiny,29.458627898365283,35.569027053114844
Hailo-8,densenet121,0.0,0.0
Hailo-8,densenet169,0.0,0.0
Hailo-8,densenet201,0.0,0.0
Hailo-8,hf_vit_base_patch16_224,12.30416495574023,26.945384921910037
Hailo-8,hf_vit_small_patch16_224,33.511636463354805,36.869688820227395
Hailo-8,hf_vit_tiny_patch16_224,69.6213863759999,44.32459728729049
Hailo-8,mobilenetv2_elu_w1_0,474.6904074858662,64.18356839909828
Hailo-8,mobilenetv2_gelu_w1_0,475.1055132496611,64.19264978483244
Hailo-8,mobilenetv2_hardswish_w1_0,475.3095921661275,64.19711157397633
Hailo-8,mobilenetv2_leakyrelu_w1_0,471.38622984735247,64.11099810683659
Hailo-8,mobilenetv2_mish_w1_0,474.3989663256405,64.17718772236921
Hailo-8,mobilenetv2_prelu_w1_0,165.73914491631965,53.26896534872585
Hailo-8,mobilenetv2_relu6_w1_0,481.75104658210864,64.3369677249815
Hailo-8,mobilenetv2_relu_w1_0,481.23023962163927,64.3257295678106
Hailo-8,mobilenetv2_selu_w1_0,0.0,0.0
Hailo-8,mobilenetv2_silu_w1_0,475.22615497094694,64.19528761281956
Hailo-8,mobilenetv2_w0_25,930.9185767188859,71.18497647081509
Hailo-8,mobilenetv2_w0_5,794.2866383860221,69.53433092489985
Hailo-8,mobilenetv2_w0_75,553.332503795688,65.77647893324453
Hailo-8,mobilenetv2_w1_0,483.29272958326106,64.37016378096732
Hailo-8,mobilenetv2_w1_5,327.0323664986168,60.314137423330706
Hailo-8,mobilenetv2_w2_0,257.9414703926178,57.851745923837505
Hailo-8,regnet_x_1_6gf,382.49839619283097,61.940631869827556
Hailo-8,regnet_x_3_2gf,230.347478074221,56.6785817613534
Hailo-8,regnet_x_400mf,588.9603045990558,66.42500794963735
Hailo-8,regnet_x_800mf,573.0835683313605,66.14098333121244
Hailo-8,regnet_x_8gf,31.31038362076283,36.18349837034981
Hailo-8,regnet_y_1_6gf,0.0,0.0
Hailo-8,regnet_y_3_2gf,47.43175299769675,40.3976705178712
Hailo-8,regnet_y_400mf,0.0,0.0
Hailo-8,regnet_y_800mf,119.12028091579319,49.854697421251586
Hailo-8,regnet_y_8gf,0.0,0.0
Hailo-8,resnet101_w1_0,27.234844754964282,34.77971680919759
Hailo-8,resnet10_w1_0,950.2621429257437,71.39886967707335
Hailo-8,resnet18_elu_w1_0,629.4276589057521,67.11572999701919
Hailo-8,resnet18_gelu_w1_0,634.1943756547898,67.19415499979573
Hailo-8,resnet18_hardswish_w1_0,631.573850500966,67.15111361267613
Hailo-8,resnet18_leakyrelu_w1_0,628.4386122363826,67.09938331571996
Hailo-8,resnet18_mish_w1_0,634.4317655681034,67.19804528688289
Hailo-8,resnet18_prelu_w1_0,528.5079184845749,65.29946639912778
Hailo-8,resnet18_relu6_w1_0,648.4242346991126,67.4248197988837
Hailo-8,resnet18_relu_w1_0,645.8697277426455,67.38378603790395
Hailo-8,resnet18_selu_w1_0,0.0,0.0
Hailo-8,resnet18_silu_w1_0,629.1725187837726,67.11151556967071
Hailo-8,resnet18_w0_25,1230.6137114881285,74.08802717235876
Hailo-8,resnet18_w0_5,1236.6841747384333,74.1392173215581
Hailo-8,resnet18_w0_75,919.3326602096045,71.05472778922046
Hailo-8,resnet18_w1_0,657.0352448317792,67.56196143057423
Hailo-8,resnet18_w1_5,319.13025058479064,60.06026349349311
Hailo-8,resnet18_w2_0,27.438490499959222,34.85453989385417
Hailo-8,resnet34_w1_0,277.85894863525954,58.62326925355942
Hailo-8,resnet50_w0_25,1082.3146694092463,72.7522527498266
Hailo-8,resnet50_w0_5,659.9548340506645,67.60805263982563
Hailo-8,resnet50_w0_75,422.3630089908447,62.97025794313565
Hailo-8,resnet50_w1_0,247.70873243405694,57.43196442980215
Hailo-8,resnet50_w1_5,22.62039293352533,32.92184834746192
Hailo-8,resnet50_w2_0,13.259085143703185,27.667069899027886
Hailo-8,resnext50_c16_w1_0,165.5573538937996,53.2576079494285
Hailo-8,resnext50_c32_w1_0,25.993387232900513,34.31157108733387
Hailo-8,resnext50_c64_w1_0,13.059958806863017,27.52065190741182
Hailo-8,resnext50_c8_w1_0,330.8264179658867,60.43386499440866
Hailo-8,shufflenet_v2_x1_0,286.2628839126964,58.93239976355696
Hailo-8,shufflenet_v2_x1_5,200.8363937660001,55.25781336028429
Hailo-8,shufflenet_v2_x2_0,129.53983559021694,50.720764286775264
Qualcomm QCS6490,convnext_base,1.8728319984416122,10.987083234308816
Qualcomm QCS6490,convnext_small,2.2136645071184353,12.154337246480289
Qualcomm QCS6490,convnext_tiny,4.146370721015489,17.05683388389213
Qualcomm QCS6490,densenet121,10.408063755805202,25.344569749669176
Qualcomm QCS6490,densenet169,7.377942016538255,22.13039607850718
Qualcomm QCS6490,densenet201,5.217202368127597,19.024873983710997
Qualcomm QCS6490,hf_vit_base_patch16_224,2.9867038078178867,14.398534587642636
Qualcomm QCS6490,hf_vit_small_patch16_224,4.953996934291325,18.5745071907432
Qualcomm QCS6490,hf_vit_tiny_patch16_224,9.109698523199809,24.086615520525072
Qualcomm QCS6490,mobilenetv2_elu_w1_0,229.62672534652717,56.64609502435638
Qualcomm QCS6490,mobilenetv2_gelu_w1_0,9.046580591063789,24.02141050707481
Qualcomm QCS6490,mobilenetv2_hardswish_w1_0,22.030725370564085,32.65863647145521
Qualcomm QCS6490,mobilenetv2_leakyrelu_w1_0,355.85705688624654,61.19101301044033
Qualcomm QCS6490,mobilenetv2_mish_w1_0,6.4904275863837935,20.96457005310538
Qualcomm QCS6490,mobilenetv2_prelu_w1_0,21.99228525587978,32.64124457578405
Qualcomm QCS6490,mobilenetv2_relu6_w1_0,403.7433248081518,62.501987681330014
Qualcomm QCS6490,mobilenetv2_relu_w1_0,397.24834098615383,62.33355991933229
Qualcomm QCS6490,mobilenetv2_selu_w1_0,20.7939763879445,32.083975685167886
Qualcomm QCS6490,mobilenetv2_silu_w1_0,347.33859403823334,60.93947136122102
Qualcomm QCS6490,mobilenetv2_w0_25,542.3945165354978,65.5689901598654
Qualcomm QCS6490,mobilenetv2_w0_5,515.9689511266965,65.04995517076433
Qualcomm QCS6490,mobilenetv2_w0_75,460.6885845842487,63.872512216416936
Qualcomm QCS6490,mobilenetv2_w1_0,446.6905935500382,63.55196487436561
Qualcomm QCS6490,mobilenetv2_w1_5,360.43307874061117,61.32367033494057
Qualcomm QCS6490,mobilenetv2_w2_0,307.49018313606103,59.67464858408198
Qualcomm QCS6490,regnet_x_1_6gf,482.15317310273156,64.3456366620196
Qualcomm QCS6490,regnet_x_3_2gf,349.41706904115375,61.0014094666214
Qualcomm QCS6490,regnet_x_400mf,711.1705197045058,68.38507137843308
Qualcomm QCS6490,regnet_x_800mf,714.0025898187698,68.42639183272887
Qualcomm QCS6490,regnet_x_8gf,223.08848930214663,56.34666991762142
Qualcomm QCS6490,regnet_y_1_6gf,339.1394069898812,60.69147892784251
Qualcomm QCS6490,regnet_y_3_2gf,243.7869928614773,57.26648589431287
Qualcomm QCS6490,regnet_y_400mf,515.0602281866385,65.03163809315501
Qualcomm QCS6490,regnet_y_800mf,587.5336355294962,66.39980024653784
Qualcomm QCS6490,regnet_y_8gf,154.7907592151927,52.561859929146834
Qualcomm QCS6490,resnet101_w1_0,157.8415074105771,52.76376809598624
Qualcomm QCS6490,resnet10_w1_0,466.74544819523845,64.00820993375565
Qualcomm QCS6490,resnet18_elu_w1_0,287.97580952516245,58.994297467027906
Qualcomm QCS6490,resnet18_gelu_w1_0,22.715478984811643,32.963676066895765
Qualcomm QCS6490,resnet18_hardswish_w1_0,49.08785336221972,40.74773017817344
Qualcomm QCS6490,resnet18_leakyrelu_w1_0,331.2753781350506,60.44794200363068
Qualcomm QCS6490,resnet18_mish_w1_0,15.979043162754538,29.48474192159618
Qualcomm QCS6490,resnet18_prelu_w1_0,49.541290748590995,40.841558436868446
Qualcomm QCS6490,resnet18_relu6_w1_0,367.76951322654276,61.53288564294966
Qualcomm QCS6490,resnet18_relu_w1_0,361.86368764672795,61.36479876325263
Qualcomm QCS6490,resnet18_selu_w1_0,45.41332972017616,39.95447008801368
Qualcomm QCS6490,resnet18_silu_w1_0,325.0896985708303,60.25229617911216
Qualcomm QCS6490,resnet18_w0_25,643.5778380532187,67.34683262458825
Qualcomm QCS6490,resnet18_w0_5,560.1162649014311,65.90311675807753
Qualcomm QCS6490,resnet18_w0_75,424.975291840913,63.03430188143908
Qualcomm QCS6490,resnet18_w1_0,372.525787190518,61.66630943072383
Qualcomm QCS6490,resnet18_w1_5,247.61602239269737,57.428082712767704
Qualcomm QCS6490,resnet18_w2_0,163.37860917457454,53.120517933093154
Qualcomm QCS6490,resnet34_w1_0,263.0273338518242,58.05425280055477
Qualcomm QCS6490,resnet50_w0_25,537.5192757301443,65.47515976910499
Qualcomm QCS6490,resnet50_w0_5,419.95103247495734,62.910772950071625
Qualcomm QCS6490,resnet50_w0_75,314.04115579440673,59.893425074680884
Qualcomm QCS6490,resnet50_w1_0,235.93096571421904,56.92687171402757
Qualcomm QCS6490,resnet50_w1_5,116.0190823629441,49.5823722071313
Qualcomm QCS6490,resnet50_w2_0,75.95132003739803,45.21830776128898
Qualcomm QCS6490,resnext50_c16_w1_0,229.18077683053778,56.62594375127649
Qualcomm QCS6490,resnext50_c32_w1_0,121.12422424020804,50.02695509486028
Qualcomm QCS6490,resnext50_c64_w1_0,74.86094781068724,45.069727505628535
Qualcomm QCS6490,resnext50_c8_w1_0,294.64849115348756,59.23197031543842
Qualcomm QCS6490,shufflenet_v2_x1_0,571.355722920921,66.1096005577833
Qualcomm QCS6490,shufflenet_v2_x1_5,563.445572175874,65.96470856673542
Qualcomm QCS6490,shufflenet_v2_x2_0,337.8815851702269,60.65290680058415
RTX PRO 6000 Max-Q,convnext_base,183.98975011501085,54.35039086567972
RTX PRO 6000 Max-Q,convnext_small,227.26569024888516,56.53895973024426
RTX PRO 6000 Max-Q,convnext_tiny,407.77773426064414,62.605252385233776
RTX PRO 6000 Max-Q,densenet121,199.46615735350386,55.18689126334247
RTX PRO 6000 Max-Q,densenet169,131.0364214966987,50.839447165377365
RTX PRO 6000 Max-Q,densenet201,91.38858162346904,47.121819411247095
RTX PRO 6000 Max-Q,hf_vit_base_patch16_224,243.40582411753792,57.250261276766516
RTX PRO 6000 Max-Q,hf_vit_small_patch16_224,420.5817303878137,62.92636028430056
RTX PRO 6000 Max-Q,hf_vit_tiny_patch16_224,516.5254241324037,65.06115607749066
RTX PRO 6000 Max-Q,mobilenetv2_elu_w1_0,1077.6893968176003,72.70770572951258
RTX PRO 6000 Max-Q,mobilenetv2_gelu_w1_0,1089.1531518607699,72.81776841066039
RTX PRO 6000 Max-Q,mobilenetv2_hardswish_w1_0,815.1589149492396,69.80405247298854
RTX PRO 6000 Max-Q,mobilenetv2_leakyrelu_w1_0,1063.714098141373,72.57193677024618
RTX PRO 6000 Max-Q,mobilenetv2_mish_w1_0,882.3677480858432,70.62792892231046
RTX PRO 6000 Max-Q,mobilenetv2_prelu_w1_0,1070.8021376457339,72.64101778302816
RTX PRO 6000 Max-Q,mobilenetv2_relu6_w1_0,1075.119090108394,72.68286789957214
RTX PRO 6000 Max-Q,mobilenetv2_relu_w1_0,1034.5923654764242,72.28320169403867
RTX PRO 6000 Max-Q,mobilenetv2_selu_w1_0,1088.6289871853128,72.81276124639574
RTX PRO 6000 Max-Q,mobilenetv2_silu_w1_0,1067.859758182987,72.61239656933097
RTX PRO 6000 Max-Q,mobilenetv2_w0_25,1178.2833730460782,73.63598363896858
RTX PRO 6000 Max-Q,mobilenetv2_w0_5,1152.0394993608213,73.40167151090084
RTX PRO 6000 Max-Q,mobilenetv2_w0_75,1103.051889220962,72.9496672940929
RTX PRO 6000 Max-Q,mobilenetv2_w1_0,1085.8948258434168,72.78660363311971
RTX PRO 6000 Max-Q,mobilenetv2_w1_5,1003.3985369329538,71.9647735297647
RTX PRO 6000 Max-Q,mobilenetv2_w2_0,923.523989673875,71.10203497270987
RTX PRO 6000 Max-Q,regnet_x_1_6gf,587.4222726667052,66.39783001455145
RTX PRO 6000 Max-Q,regnet_x_3_2gf,378.27737970842117,61.825402878624935
RTX PRO 6000 Max-Q,regnet_x_400mf,599.4223569350972,66.60801956272256
RTX PRO 6000 Max-Q,regnet_x_800mf,770.1772275844232,69.21382380457703
RTX PRO 6000 Max-Q,regnet_x_8gf,234.0721599082405,56.844868936684925
RTX PRO 6000 Max-Q,regnet_y_1_6gf,325.61177928952833,60.26895178062207
RTX PRO 6000 Max-Q,regnet_y_3_2gf,353.68592760224635,61.12747654331861
RTX PRO 6000 Max-Q,regnet_y_400mf,583.7370466531147,66.3324197760729
RTX PRO 6000 Max-Q,regnet_y_800mf,630.1728403217877,67.12802921177249
RTX PRO 6000 Max-Q,regnet_y_8gf,245.7916336264438,57.351400646018554
RTX PRO 6000 Max-Q,resnet101_w1_0,152.48078060117894,52.40633025948639
RTX PRO 6000 Max-Q,resnet10_w1_0,1390.5399329591496,75.35910480639454
RTX PRO 6000 Max-Q,resnet18_elu_w1_0,663.441956614951,67.66283736284949
RTX PRO 6000 Max-Q,resnet18_gelu_w1_0,684.6360202876028,67.98974738288666
RTX PRO 6000 Max-Q,resnet18_hardswish_w1_0,564.8624811589343,65.990811092316
RTX PRO 6000 Max-Q,resnet18_leakyrelu_w1_0,730.6192290213647,68.66558262160527
RTX PRO 6000 Max-Q,resnet18_mish_w1_0,571.5690069134026,66.11347954636791
RTX PRO 6000 Max-Q,resnet18_prelu_w1_0,670.5527532239577,67.77366671383486
RTX PRO 6000 Max-Q,resnet18_relu6_w1_0,606.9348383122648,66.73747814371288
RTX PRO 6000 Max-Q,resnet18_relu_w1_0,666.2340981887992,67.70649665112911
RTX PRO 6000 Max-Q,resnet18_selu_w1_0,653.1228447374735,67.49987516242828
RTX PRO 6000 Max-Q,resnet18_silu_w1_0,647.1576133191959,67.40449391867965
RTX PRO 6000 Max-Q,resnet18_w0_25,1660.2337975102423,77.20347161642187
RTX PRO 6000 Max-Q,resnet18_w0_5,1235.7559844993098,74.13140649071133
RTX PRO 6000 Max-Q,resnet18_w0_75,914.7865581490013,71.00317212774277
RTX PRO 6000 Max-Q,resnet18_w1_0,700.0554354297765,68.22129650183727
RTX PRO 6000 Max-Q,resnet18_w1_5,402.76560841630226,62.47680711716924
RTX PRO 6000 Max-Q,resnet18_w2_0,227.625097597362,56.5553396515622
RTX PRO 6000 Max-Q,resnet34_w1_0,337.9736949280368,60.65573627538541
RTX PRO 6000 Max-Q,resnet50_w0_25,849.8736226449834,70.23773247468029
RTX PRO 6000 Max-Q,resnet50_w0_5,639.9774351124126,67.28851515656109
RTX PRO 6000 Max-Q,resnet50_w0_75,367.4136537617568,61.52283392448955
RTX PRO 6000 Max-Q,resnet50_w1_0,284.08525603643204,58.85317468873217
RTX PRO 6000 Max-Q,resnet50_w1_5,174.6527755894634,53.81117399650496
RTX PRO 6000 Max-Q,resnet50_w2_0,134.7121281846434,51.12532348171348
RTX PRO 6000 Max-Q,resnext50_c16_w1_0,398.97277485070583,62.37854424111663
RTX PRO 6000 Max-Q,resnext50_c32_w1_0,270.7929337129866,58.356055731152175
RTX PRO 6000 Max-Q,resnext50_c64_w1_0,193.74200667099643,54.88527643230795
RTX PRO 6000 Max-Q,resnext50_c8_w1_0,518.9778970707753,65.1103773353448
RTX PRO 6000 Max-Q,shufflenet_v2_x1_0,799.2822292119489,69.59952526524857
RTX PRO 6000 Max-Q,shufflenet_v2_x1_5,769.5781645100107,69.2057329523792
RTX PRO 6000 Max-Q,shufflenet_v2_x2_0,741.2272938666372,68.8154574072919
