task,scenario,accuracy,samples_per_second,accelerator_type,input_resolution,benchmark_model,input_size,model_family,width_multiplier,throughput_offline,relative_flops,throughput_singlestream,multicore_efficiency
Image Classification,Offline,59.23,601.495807,Hailo-8,inputResolution:448,mobilenetv2_w1_0,448,MobileNetV2,1.0,601.495807,4.0,218.354485731227,2.75467575115623
Image Classification,Offline,73.5,106.1414268,Hailo-8,inputResolution:448,resnet101_w1_0,448,ResNet-101,1.0,106.1414268,4.0,22.458938662135466,4.7260214917879715
Image Classification,Offline,71.98,138.3758548,Hailo-8,inputResolution:448,resnet50_w1_0,448,ResNet-50,1.0,138.3758548,4.0,65.71486781095209,2.1057008772821146
Image Classification,Offline,59.22,640.5538299,Hailo-8,inputResolution:432,mobilenetv2_w1_0,432,MobileNetV2,1.0,640.5538299,3.719387755102041,219.69225403602354,2.9156869126344644
Image Classification,Offline,74.42,121.4289796,Hailo-8,inputResolution:432,resnet101_w1_0,432,ResNet-101,1.0,121.4289796,3.719387755102041,23.071110862473237,5.263248064813068
Image Classification,Offline,72.32,132.6138199,Hailo-8,inputResolution:432,resnet50_w1_0,432,ResNet-50,1.0,132.6138199,3.719387755102041,65.48167847617498,2.0252049578761264
Image Classification,Offline,61.09,656.7933803,Hailo-8,inputResolution:416,mobilenetv2_w1_0,416,MobileNetV2,1.0,656.7933803,3.4489795918367347,225.31391543011395,2.915014720889349
Image Classification,Offline,75.6,127.8351271,Hailo-8,inputResolution:416,resnet101_w1_0,416,ResNet-101,1.0,127.8351271,3.4489795918367347,23.54162121387769,5.430175175218676
Image Classification,Offline,73.04,131.5135185,Hailo-8,inputResolution:416,resnet50_w1_0,416,ResNet-50,1.0,131.5135185,3.4489795918367347,66.24071769899297,1.9853878863090784
Image Classification,Offline,61.71,688.3059081,Hailo-8,inputResolution:400,mobilenetv2_w1_0,400,MobileNetV2,1.0,688.3059081,3.188775510204082,227.534434638693,3.025062598516028
Image Classification,Offline,75.89,125.5166735,Hailo-8,inputResolution:400,resnet101_w1_0,400,ResNet-101,1.0,125.5166735,3.188775510204082,23.143549680188485,5.423397673842821
Image Classification,Offline,73.25,184.1810095,Hailo-8,inputResolution:400,resnet50_w1_0,400,ResNet-50,1.0,184.1810095,3.188775510204082,79.13557520593007,2.327411016103896
Image Classification,Offline,63.24,812.9958353,Hailo-8,inputResolution:384,mobilenetv2_w1_0,384,MobileNetV2,1.0,812.9958353,2.9387755102040813,256.7778711326539,3.166144464528248
Image Classification,Offline,76.45,110.2334569,Hailo-8,inputResolution:384,resnet101_w1_0,384,ResNet-101,1.0,110.2334569,2.9387755102040813,21.511449896101922,5.124408509534048
Image Classification,Offline,73.94,216.5935006,Hailo-8,inputResolution:384,resnet50_w1_0,384,ResNet-50,1.0,216.5935006,2.9387755102040813,88.99152411886419,2.4338666265643503
Image Classification,Offline,63.48,857.4979812,Hailo-8,inputResolution:368,mobilenetv2_w1_0,368,MobileNetV2,1.0,857.4979812,2.6989795918367343,258.34891835239574,3.319146782841749
Image Classification,Offline,76.27,172.1222837,Hailo-8,inputResolution:368,resnet101_w1_0,368,ResNet-101,1.0,172.1222837,2.6989795918367343,26.00811262526459,6.618022852331021
Image Classification,Offline,74.13,236.4356758,Hailo-8,inputResolution:368,resnet50_w1_0,368,ResNet-50,1.0,236.4356758,2.6989795918367343,94.33350796132217,2.506380616068485
Image Classification,Offline,64.7,916.805872,Hailo-8,inputResolution:352,mobilenetv2_w1_0,352,MobileNetV2,1.0,916.805872,2.4693877551020407,271.24709211623156,3.3799657163039423
Image Classification,Offline,77.19,174.7164097,Hailo-8,inputResolution:352,resnet101_w1_0,352,ResNet-101,1.0,174.7164097,2.4693877551020407,23.698533544555456,7.372456585616019
Image Classification,Offline,74.71,255.1238514,Hailo-8,inputResolution:352,resnet50_w1_0,352,ResNet-50,1.0,255.1238514,2.4693877551020407,96.5938502748608,2.6412018019163455
Image Classification,Offline,64.37,958.511626,Hailo-8,inputResolution:336,mobilenetv2_w1_0,336,MobileNetV2,1.0,958.511626,2.25,277.88109829271787,3.4493588512821804
Image Classification,Offline,77.06,184.8142273,Hailo-8,inputResolution:336,resnet101_w1_0,336,ResNet-101,1.0,184.8142273,2.25,25.302526328767698,7.304180811774338
Image Classification,Offline,74.87,274.3359454,Hailo-8,inputResolution:336,resnet50_w1_0,336,ResNet-50,1.0,274.3359454,2.25,107.80748225857516,2.5446837237327182
Image Classification,Offline,65.56,1060.265668,Hailo-8,inputResolution:320,mobilenetv2_w1_0,320,MobileNetV2,1.0,1060.265668,2.0408163265306123,303.5110153650406,3.493335049882097
Image Classification,Offline,77.69,197.1535366,Hailo-8,inputResolution:320,resnet101_w1_0,320,ResNet-101,1.0,197.1535366,2.0408163265306123,23.878032904793248,8.256690883461495
Image Classification,Offline,75.21,532.1249774,Hailo-8,inputResolution:320,resnet50_w1_0,320,ResNet-50,1.0,532.1249774,2.0408163265306123,171.05605513084654,3.1108222213645678
Image Classification,Offline,65.8,1142.98369,Hailo-8,inputResolution:304,mobilenetv2_w1_0,304,MobileNetV2,1.0,1142.98369,1.8418367346938778,300.60568986341553,3.8022689807346324
Image Classification,Offline,78.1,209.1023579,Hailo-8,inputResolution:304,resnet101_w1_0,304,ResNet-101,1.0,209.1023579,1.8418367346938778,23.90262805721655,8.748090686909592
Image Classification,Offline,75.37,334.5130122,Hailo-8,inputResolution:304,resnet50_w1_0,304,ResNet-50,1.0,334.5130122,1.8418367346938778,133.31462095540567,2.50919973970369
Image Classification,Offline,66.54,1252.996366,Hailo-8,inputResolution:288,mobilenetv2_w1_0,288,MobileNetV2,1.0,1252.996366,1.6530612244897962,327.5377154799063,3.8255025506425033
Image Classification,Offline,77.75,228.6282543,Hailo-8,inputResolution:288,resnet101_w1_0,288,ResNet-101,1.0,228.6282543,1.6530612244897962,26.953000712554324,8.482478694608139
Image Classification,Offline,75.29,402.9748771,Hailo-8,inputResolution:288,resnet50_w1_0,288,ResNet-50,1.0,402.9748771,1.6530612244897962,145.27713057147017,2.773835603131998
Image Classification,Offline,66.13,1353.773289,Hailo-8,inputResolution:272,mobilenetv2_w1_0,272,MobileNetV2,1.0,1353.773289,1.4744897959183672,332.04092909684596,4.077127758563604
Image Classification,Offline,78.05,222.5893694,Hailo-8,inputResolution:272,resnet101_w1_0,272,ResNet-101,1.0,222.5893694,1.4744897959183672,24.398118526110057,9.123218626952413
Image Classification,Offline,75.55,418.7854213,Hailo-8,inputResolution:272,resnet50_w1_0,272,ResNet-50,1.0,418.7854213,1.4744897959183672,138.90112389792833,3.0149894367143135
Image Classification,Offline,66.54,1761.957139,Hailo-8,inputResolution:256,mobilenetv2_w1_0,256,MobileNetV2,1.0,1761.957139,1.3061224489795917,440.15716265734875,4.003018213682096
Image Classification,Offline,78.33,294.7569047,Hailo-8,inputResolution:256,resnet101_w1_0,256,ResNet-101,1.0,294.7569047,1.3061224489795917,24.117104058111565,12.221902927887449
Image Classification,Offline,76.06,798.887881,Hailo-8,inputResolution:256,resnet50_w1_0,256,ResNet-50,1.0,798.887881,1.3061224489795917,214.94847673083123,3.716648255202132
Image Classification,Offline,66.52,1974.971392,Hailo-8,inputResolution:240,mobilenetv2_w1_0,240,MobileNetV2,1.0,1974.971392,1.1479591836734693,456.4700257503734,4.326617917032824
Image Classification,Offline,78.29,307.0536416,Hailo-8,inputResolution:240,resnet101_w1_0,240,ResNet-101,1.0,307.0536416,1.1479591836734693,24.601905538674547,12.480888568460978
Image Classification,Offline,75.78,860.6905751,Hailo-8,inputResolution:240,resnet50_w1_0,240,ResNet-50,1.0,860.6905751,1.1479591836734693,224.41038485051595,3.835342003772787
Image Classification,Offline,67.78,2278.63136,Hailo-8,inputResolution:224,mobilenetv2_w1_0,224,MobileNetV2,1.0,2278.63136,1.0,484.5105339940115,4.702955250975335
Image Classification,Offline,79.21,321.6487007,Hailo-8,inputResolution:224,resnet101_w1_0,224,ResNet-101,1.0,321.6487007,1.0,24.758024231629026,12.991695043624901
Image Classification,Offline,76.94,923.2832946,Hailo-8,inputResolution:224,resnet50_w1_0,224,ResNet-50,1.0,923.2832946,1.0,237.05297329015957,3.894839544872002
Image Classification,Offline,65.1,2318.713184,Hailo-8,inputResolution:208,mobilenetv2_w1_0,208,MobileNetV2,1.0,2318.713184,0.8622448979591837,478.1716051344631,4.84912353452684
Image Classification,Offline,77.41,371.2191904,Hailo-8,inputResolution:208,resnet101_w1_0,208,ResNet-101,1.0,371.2191904,0.8622448979591837,27.48155011087158,13.507942197669093
Image Classification,Offline,75.38,1226.123474,Hailo-8,inputResolution:208,resnet50_w1_0,208,ResNet-50,1.0,1226.123474,0.8622448979591837,253.97758860410607,4.82768373673809
Image Classification,Offline,64.82,2562.621237,Hailo-8,inputResolution:192,mobilenetv2_w1_0,192,MobileNetV2,1.0,2562.621237,0.7346938775510203,496.87871622423944,5.157438129918809
Image Classification,Offline,77.13,379.0971686,Hailo-8,inputResolution:192,resnet101_w1_0,192,ResNet-101,1.0,379.0971686,0.7346938775510203,25.09769135814085,15.104862164026635
Image Classification,Offline,74.54,1468.144503,Hailo-8,inputResolution:192,resnet50_w1_0,192,ResNet-50,1.0,1468.144503,0.7346938775510203,284.0741590454948,5.168173366887887
Image Classification,Offline,63.93,2811.654124,Hailo-8,inputResolution:176,mobilenetv2_w1_0,176,MobileNetV2,1.0,2811.654124,0.6173469387755102,506.50050651468854,5.551137832709082
Image Classification,Offline,72.02,1763.89766,Hailo-8,inputResolution:160,resnet50_w1_0,160,ResNet-50,1.0,1763.89766,0.5102040816326531,293.31760637852875,6.0136098946739525
Image Classification,Offline,58.79,3788.192907,Hailo-8,inputResolution:144,mobilenetv2_w1_0,144,MobileNetV2,1.0,3788.192907,0.41326530612244905,550.4629160828906,6.881831266594462
Image Classification,Offline,48.42,5648.662426,Hailo-8,inputResolution:112,mobilenetv2_w1_0,112,MobileNetV2,1.0,5648.662426,0.25,739.7880126944634,7.635514943566582
Image Classification,Offline,39.5,7319.195985,Hailo-8,inputResolution:96,mobilenetv2_w1_0,96,MobileNetV2,1.0,7319.195985,0.18367346938775508,769.6589867694197,9.509660915831988
Image Classification,Offline,43.62,4794.542593,Hailo-8,inputResolution:80,resnet50_w1_0,80,ResNet-50,1.0,4794.542593,0.12755102040816327,441.1373518253382,10.868593586920584
Image Classification,Offline,65.02,612.8091851,Hailo-8,inputResolution:112,resnet101_w1_0,112,ResNet-101,1.0,612.8091851,0.25,25.499406598591655,24.032291995918282
Image Classification,Offline,62.18,3046.106079,Hailo-8,inputResolution:112,resnet50_w1_0,112,ResNet-50,1.0,3046.106079,0.25,400.7455224443295,7.601098224180801
Image Classification,Offline,29.25,7920.336391,Hailo-8,inputResolution:80,mobilenetv2_w1_0,80,MobileNetV2,1.0,7920.336391,0.12755102040816327,791.3150019605343,10.00908155586189
Image Classification,Offline,16.59,11515.29304,Hailo-8,inputResolution:64,mobilenetv2_w1_0,64,MobileNetV2,1.0,11515.29304,0.08163265306122448,910.635408003811,12.645338561172892
Image Classification,Offline,15.65,759.1666093,Hailo-8,inputResolution:48,resnet101_w1_0,48,ResNet-101,1.0,759.1666093,0.04591836734693877,25.798996029283227,29.426207455449262
Image Classification,Offline,73.47,1399.465001,Hailo-8,inputResolution:176,resnet50_w1_0,176,ResNet-50,1.0,1399.465001,0.6173469387755102,277.45968804909285,5.0438498321687115
Image Classification,Offline,61.53,3281.257274,Hailo-8,inputResolution:160,mobilenetv2_w1_0,160,MobileNetV2,1.0,3281.257274,0.5102040816326531,524.7462389502052,6.253036287719574
Image Classification,Offline,74.85,420.2394503,Hailo-8,inputResolution:160,resnet101_w1_0,160,ResNet-101,1.0,420.2394503,0.5102040816326531,25.357178008078066,16.57280041833219
Image Classification,Offline,53.96,5357.754094,Hailo-8,inputResolution:128,mobilenetv2_w1_0,128,MobileNetV2,1.0,5357.754094,0.32653061224489793,737.2272733770715,7.267438804125272
Image Classification,Offline,69.76,588.283017,Hailo-8,inputResolution:128,resnet101_w1_0,128,ResNet-101,1.0,588.283017,0.32653061224489793,25.221800685475223,23.324386087103665
Image Classification,Offline,66.47,3216.499905,Hailo-8,inputResolution:128,resnet50_w1_0,128,ResNet-50,1.0,3216.499905,0.32653061224489793,413.10659288370306,7.78612580967814
Image Classification,Offline,56.67,663.9214128,Hailo-8,inputResolution:96,resnet101_w1_0,96,ResNet-101,1.0,663.9214128,0.18367346938775508,25.461333208957097,26.075673545894198
Image Classification,Offline,53.84,4084.923879,Hailo-8,inputResolution:96,resnet50_w1_0,96,ResNet-50,1.0,4084.923879,0.18367346938775508,448.19111701072046,9.114245517057606
Image Classification,Offline,6.78,12528.882,Hailo-8,inputResolution:48,mobilenetv2_w1_0,48,MobileNetV2,1.0,12528.882,0.04591836734693877,990.7905679837121,12.645338384171987
Image Classification,Offline,13.8,8464.28477,Hailo-8,inputResolution:48,resnet50_w1_0,48,ResNet-50,1.0,8464.28477,0.04591836734693877,563.3167919206717,15.025798789239664
Image Classification,Offline,75.97,396.2645883,Hailo-8,inputResolution:176,resnet101_w1_0,176,ResNet-101,1.0,396.2645883,0.6173469387755102,25.19440042830823,15.728280156044525
Image Classification,Offline,72.54,439.4433921,Hailo-8,inputResolution:144,resnet101_w1_0,144,ResNet-101,1.0,439.4433921,0.41326530612244905,25.17718936079563,17.454028954648695
Image Classification,Offline,69.76,1941.117063,Hailo-8,inputResolution:144,resnet50_w1_0,144,ResNet-50,1.0,1941.117063,0.41326530612244905,320.4186781161463,6.058064637219364
Image Classification,Offline,46.29,736.9393329,Hailo-8,inputResolution:80,resnet101_w1_0,80,ResNet-101,1.0,736.9393329,0.12755102040816327,28.246730922573093,26.089367117207967
Image Classification,Offline,31.39,729.8884277,Hailo-8,inputResolution:64,resnet101_w1_0,64,ResNet-101,1.0,729.8884277,0.08163265306122448,25.3792904695876,28.759213287488738
Image Classification,Offline,28.43,7449.273532,Hailo-8,inputResolution:64,resnet50_w1_0,64,ResNet-50,1.0,7449.273532,0.08163265306122448,545.5296816543486,13.655120486587771
Image Classification,Offline,74.16,194.0791715,DeepX M1,inputResolution:448,resnet101_w1_0,448,ResNet-101,1.0,194.0791715,4.0,76.28501386875665,2.5441323486405922
Image Classification,Offline,72.78,335.6471812,DeepX M1,inputResolution:432,resnet50_w1_0,432,ResNet-50,1.0,335.6471812,3.719387755102041,131.84520775930386,2.5457670165210424
Image Classification,Offline,72.33,311.8160564,DeepX M1,inputResolution:448,resnet50_w1_0,448,ResNet-50,1.0,311.8160564,4.0,126.30801453731483,2.4686957319551643
Image Classification,Offline,74.99,208.1117673,DeepX M1,inputResolution:432,resnet101_w1_0,432,ResNet-101,1.0,208.1117673,3.719387755102041,81.127522311965,2.5652424894690378
Image Classification,Offline,59.74,642.6677437,DeepX M1,inputResolution:432,mobilenetv2_w1_0,432,MobileNetV2,1.0,642.6677437,3.719387755102041,256.2124089253023,2.508339648324243
Image Classification,Offline,61.84,753.543862,DeepX M1,inputResolution:400,mobilenetv2_w1_0,400,MobileNetV2,1.0,753.543862,3.188775510204082,287.1735174105165,2.624001923279032
Image Classification,Offline,63.54,821.8448128,DeepX M1,inputResolution:384,mobilenetv2_w1_0,384,MobileNetV2,1.0,821.8448128,2.9387755102040813,324.10780990082196,2.535714313862067
Image Classification,Offline,63.89,870.521968,DeepX M1,inputResolution:368,mobilenetv2_w1_0,368,MobileNetV2,1.0,870.521968,2.6989795918367343,319.8456147693006,2.7216942418544434
Image Classification,Offline,66.18,1430.886879,DeepX M1,inputResolution:304,mobilenetv2_w1_0,304,MobileNetV2,1.0,1430.886879,1.8418367346938778,455.6889649910928,3.140051633745331
Image Classification,Offline,77.73,477.544579,DeepX M1,inputResolution:272,resnet101_w1_0,272,ResNet-101,1.0,477.544579,1.4744897959183672,166.16180098288388,2.8739732969624665
Image Classification,Offline,75.84,732.5818277,DeepX M1,inputResolution:272,resnet50_w1_0,272,ResNet-50,1.0,732.5818277,1.4744897959183672,257.66416227476213,2.843165387194226
Image Classification,Offline,66.24,1795.700995,DeepX M1,inputResolution:272,mobilenetv2_w1_0,272,MobileNetV2,1.0,1795.700995,1.4744897959183672,473.653177243796,3.7911727003484814
Image Classification,Offline,73.5,380.7219172,DeepX M1,inputResolution:416,resnet50_w1_0,416,ResNet-50,1.0,380.7219172,3.4489795918367347,143.76571109788793,2.6482108584346107
Image Classification,Offline,61.62,704.7248559,DeepX M1,inputResolution:416,mobilenetv2_w1_0,416,MobileNetV2,1.0,704.7248559,3.4489795918367347,281.9281562688007,2.499661137882551
Image Classification,Offline,75.93,234.0698042,DeepX M1,inputResolution:400,resnet101_w1_0,400,ResNet-101,1.0,234.0698042,3.188775510204082,91.56806733162615,2.5562383374575823
Image Classification,Offline,73.81,379.8579989,DeepX M1,inputResolution:400,resnet50_w1_0,400,ResNet-50,1.0,379.8579989,3.188775510204082,148.73354323469644,2.5539497724504354
Image Classification,Offline,77.62,317.6067215,DeepX M1,inputResolution:336,resnet101_w1_0,336,ResNet-101,1.0,317.6067215,2.25,122.24501185857848,2.598116002208986
Image Classification,Offline,65.91,1246.19371,DeepX M1,inputResolution:320,mobilenetv2_w1_0,320,MobileNetV2,1.0,1246.19371,2.0408163265306123,400.50192310770626,3.111579840441524
Image Classification,Offline,60.06,613.3336595,DeepX M1,inputResolution:448,mobilenetv2_w1_0,448,MobileNetV2,1.0,613.3336595,4.0,267.3737071310163,2.29391912197058
Image Classification,Offline,75.62,252.0527857,DeepX M1,inputResolution:416,resnet101_w1_0,416,ResNet-101,1.0,252.0527857,3.4489795918367347,90.46824302628512,2.7860913097070674
Image Classification,Offline,76.37,290.309616,DeepX M1,inputResolution:384,resnet101_w1_0,384,ResNet-101,1.0,290.309616,2.9387755102040813,104.84663630042678,2.7688977562250923
Image Classification,Offline,74.65,437.4498331,DeepX M1,inputResolution:384,resnet50_w1_0,384,ResNet-50,1.0,437.4498331,2.9387755102040813,165.80622421961507,2.6383197323194887
Image Classification,Offline,74.59,431.5378317,DeepX M1,inputResolution:368,resnet50_w1_0,368,ResNet-50,1.0,431.5378317,2.6989795918367343,167.81867271355205,2.571453013673797
Image Classification,Offline,75.43,520.4059768,DeepX M1,inputResolution:352,resnet50_w1_0,352,ResNet-50,1.0,520.4059768,2.4693877551020407,187.78989268924232,2.7712139846694304
Image Classification,Offline,64.8,1125.023071,DeepX M1,inputResolution:336,mobilenetv2_w1_0,336,MobileNetV2,1.0,1125.023071,2.25,363.5003684992256,3.094970922986552
Image Classification,Offline,75.56,595.9656644,DeepX M1,inputResolution:320,resnet50_w1_0,320,ResNet-50,1.0,595.9656644,2.0408163265306123,214.2210041644488,2.7820132144581926
Image Classification,Offline,77.63,406.3156145,DeepX M1,inputResolution:304,resnet101_w1_0,304,ResNet-101,1.0,406.3156145,1.8418367346938778,143.49623200512463,2.831542046940225
Image Classification,Offline,75.27,609.2702965,DeepX M1,inputResolution:304,resnet50_w1_0,304,ResNet-50,1.0,609.2702965,1.8418367346938778,220.72307000262427,2.7603380856054427
Image Classification,Offline,77.92,458.2733288,DeepX M1,inputResolution:288,resnet101_w1_0,288,ResNet-101,1.0,458.2733288,1.6530612244897962,156.50045053201023,2.9282556519303173
Image Classification,Offline,75.64,712.3869179,DeepX M1,inputResolution:288,resnet50_w1_0,288,ResNet-50,1.0,712.3869179,1.6530612244897962,246.5155223809844,2.8898258049609606
Image Classification,Offline,66.78,1665.23624,DeepX M1,inputResolution:288,mobilenetv2_w1_0,288,MobileNetV2,1.0,1665.23624,1.6530612244897962,464.73770870386994,3.58317435579794
Image Classification,Offline,76.58,264.7458713,DeepX M1,inputResolution:368,resnet101_w1_0,368,ResNet-101,1.0,264.7458713,2.6989795918367343,104.41890231584497,2.535420938435074
Image Classification,Offline,76.74,346.0781523,DeepX M1,inputResolution:352,resnet101_w1_0,352,ResNet-101,1.0,346.0781523,2.4693877551020407,120.48472366772782,2.8723820063231638
Image Classification,Offline,65.27,1100.31144,DeepX M1,inputResolution:352,mobilenetv2_w1_0,352,MobileNetV2,1.0,1100.31144,2.4693877551020407,357.02507431582245,3.0818884138839793
Image Classification,Offline,75.13,520.4391424,DeepX M1,inputResolution:336,resnet50_w1_0,336,ResNet-50,1.0,520.4391424,2.25,194.69386533839076,2.673115259669032
Image Classification,Offline,77.5,393.5466512,DeepX M1,inputResolution:320,resnet101_w1_0,320,ResNet-101,1.0,393.5466512,2.0408163265306123,136.1743666520164,2.8900200593969316
Image Classification,Offline,77.51,641.5474065,DeepX M1,inputResolution:208,resnet101_w1_0,208,ResNet-101,1.0,641.5474065,0.8622448979591837,225.0227072720391,2.851034076860551
Image Classification,Offline,75.53,1035.405381,DeepX M1,inputResolution:208,resnet50_w1_0,208,ResNet-50,1.0,1035.405381,0.8622448979591837,347.0433246419005,2.983504673568903
Image Classification,Offline,65.43,3064.928468,DeepX M1,inputResolution:208,mobilenetv2_w1_0,208,MobileNetV2,1.0,3064.928468,0.8622448979591837,638.06524976987,4.803471853553258
Image Classification,Offline,74.64,1106.428368,DeepX M1,inputResolution:192,resnet50_w1_0,192,ResNet-50,1.0,1106.428368,0.7346938775510203,380.8091472440956,2.9054668880912895
Image Classification,Offline,72.61,767.7491583,DeepX M1,inputResolution:144,resnet101_w1_0,144,ResNet-101,1.0,767.7491583,0.41326530612244905,309.4907186435333,2.4806855651922857
Image Classification,Offline,66.69,1288.621957,DeepX M1,inputResolution:128,resnet50_w1_0,128,ResNet-50,1.0,1288.621957,0.32653061224489793,493.5743738799051,2.610795910797312
Image Classification,Offline,65.08,817.6422097,DeepX M1,inputResolution:112,resnet101_w1_0,112,ResNet-101,1.0,817.6422097,0.25,341.7186772858962,2.392734913391714
Image Classification,Offline,46.81,842.7130558,DeepX M1,inputResolution:80,resnet101_w1_0,80,ResNet-101,1.0,842.7130558,0.12755102040816327,387.85775070005263,2.1727374386072458
Image Classification,Offline,31.39,841.9186819,DeepX M1,inputResolution:64,resnet101_w1_0,64,ResNet-101,1.0,841.9186819,0.08163265306122448,373.0389748636498,2.2569188171496863
Image Classification,Offline,16.46,4662.846125,DeepX M1,inputResolution:64,mobilenetv2_w1_0,64,MobileNetV2,1.0,4662.846125,0.08163265306122448,1007.3631090997114,4.628764030446999
Image Classification,Offline,15.57,851.5818863,DeepX M1,inputResolution:48,resnet101_w1_0,48,ResNet-101,1.0,851.5818863,0.04591836734693877,405.7400035049931,2.0988363950894486
Image Classification,Offline,66.97,2223.099607,DeepX M1,inputResolution:256,mobilenetv2_w1_0,256,MobileNetV2,1.0,2223.099607,1.3061224489795917,536.777975590422,4.141562635007016
Image Classification,Offline,78.05,556.0050827,DeepX M1,inputResolution:240,resnet101_w1_0,240,ResNet-101,1.0,556.0050827,1.1479591836734693,190.7391565930574,2.915002313270361
Image Classification,Offline,66.5,2529.713614,DeepX M1,inputResolution:240,mobilenetv2_w1_0,240,MobileNetV2,1.0,2529.713614,1.1479591836734693,550.4749967276463,4.5955104755677105
Image Classification,Offline,76.15,738.4292386,DeepX M1,inputResolution:176,resnet101_w1_0,176,ResNet-101,1.0,738.4292386,0.6173469387755102,276.71556197164125,2.6685497314953204
Image Classification,Offline,74.73,751.1388994,DeepX M1,inputResolution:160,resnet101_w1_0,160,ResNet-101,1.0,751.1388994,0.5102040816326531,286.406260669931,2.6226343573740882
Image Classification,Offline,61.58,4234.95213,DeepX M1,inputResolution:160,mobilenetv2_w1_0,160,MobileNetV2,1.0,4234.95213,0.5102040816326531,787.8690056972131,5.375198287248705
Image Classification,Offline,53.85,1319.0378,DeepX M1,inputResolution:96,resnet50_w1_0,96,ResNet-50,1.0,1319.0378,0.18367346938775508,522.9509277858058,2.522297466006718
Image Classification,Offline,78.16,573.0055869,DeepX M1,inputResolution:256,resnet101_w1_0,256,ResNet-101,1.0,573.0055869,1.3061224489795917,195.99915636239925,2.923510475935529
Image Classification,Offline,76.05,894.0471933,DeepX M1,inputResolution:256,resnet50_w1_0,256,ResNet-50,1.0,894.0471933,1.3061224489795917,299.6664811254679,2.983474127443936
Image Classification,Offline,75.81,886.4433406,DeepX M1,inputResolution:240,resnet50_w1_0,240,ResNet-50,1.0,886.4433406,1.1479591836734693,299.4394941230379,2.9603420991479696
Image Classification,Offline,77.0,929.2567305,DeepX M1,inputResolution:224,resnet50_w1_0,224,ResNet-50,1.0,929.2567305,1.0,318.4550494151907,2.9180153751886886
Image Classification,Offline,76.83,686.8357284,DeepX M1,inputResolution:192,resnet101_w1_0,192,ResNet-101,1.0,686.8357284,0.7346938775510203,245.56392453781308,2.796973251232747
Image Classification,Offline,73.34,1186.701425,DeepX M1,inputResolution:176,resnet50_w1_0,176,ResNet-50,1.0,1186.701425,0.6173469387755102,410.31993518917847,2.8921368991074488
Image Classification,Offline,64.06,3943.626404,DeepX M1,inputResolution:176,mobilenetv2_w1_0,176,MobileNetV2,1.0,3943.626404,0.6173469387755102,756.9392846048587,5.209963974929207
Image Classification,Offline,69.98,1225.130221,DeepX M1,inputResolution:144,resnet50_w1_0,144,ResNet-50,1.0,1225.130221,0.41326530612244905,467.6170537489189,2.6199434156176395
Image Classification,Offline,58.74,4373.757148,DeepX M1,inputResolution:144,mobilenetv2_w1_0,144,MobileNetV2,1.0,4373.757148,0.41326530612244905,902.7155861278003,4.845110924428853
Image Classification,Offline,53.99,4518.953119,DeepX M1,inputResolution:128,mobilenetv2_w1_0,128,MobileNetV2,1.0,4518.953119,0.32653061224489793,885.4262983062702,5.1037032982240245
Image Classification,Offline,62.32,1289.498766,DeepX M1,inputResolution:112,resnet50_w1_0,112,ResNet-50,1.0,1289.498766,0.25,499.0326309837133,2.5839968890573104
Image Classification,Offline,48.52,4584.11647,DeepX M1,inputResolution:112,mobilenetv2_w1_0,112,MobileNetV2,1.0,4584.11647,0.25,903.5467854429274,5.073468849488321
Image Classification,Offline,56.57,824.1075168,DeepX M1,inputResolution:96,resnet101_w1_0,96,ResNet-101,1.0,824.1075168,0.18367346938775508,358.1623726043169,2.300932704928332
Image Classification,Offline,39.02,4584.249284,DeepX M1,inputResolution:96,mobilenetv2_w1_0,96,MobileNetV2,1.0,4584.249284,0.18367346938775508,978.1421642522399,4.686690188337316
Image Classification,Offline,43.84,1333.759187,DeepX M1,inputResolution:80,resnet50_w1_0,80,ResNet-50,1.0,1333.759187,0.12755102040816327,546.0478394379614,2.4425683807719443
Image Classification,Offline,29.29,4677.061823,DeepX M1,inputResolution:80,mobilenetv2_w1_0,80,MobileNetV2,1.0,4677.061823,0.12755102040816327,1001.973959841038,4.6678476791373
Image Classification,Offline,28.76,1346.565592,DeepX M1,inputResolution:64,resnet50_w1_0,64,ResNet-50,1.0,1346.565592,0.08163265306122448,540.3993993175345,2.491796981455874
Image Classification,Offline,6.7,4749.765265,DeepX M1,inputResolution:48,mobilenetv2_w1_0,48,MobileNetV2,1.0,4749.765265,0.04591836734693877,1057.2524085499715,4.492555634386621
Image Classification,Offline,79.06,586.8981976,DeepX M1,inputResolution:224,resnet101_w1_0,224,ResNet-101,1.0,586.8981976,1.0,205.32006752876,2.8584551167546777
Image Classification,Offline,68.11,2825.915681,DeepX M1,inputResolution:224,mobilenetv2_w1_0,224,MobileNetV2,1.0,2825.915681,1.0,586.3630273136904,4.819396089733676
Image Classification,Offline,65.09,3827.921379,DeepX M1,inputResolution:192,mobilenetv2_w1_0,192,MobileNetV2,1.0,3827.921379,0.7346938775510203,719.4919653418475,5.320311502271279
Image Classification,Offline,72.18,1185.946579,DeepX M1,inputResolution:160,resnet50_w1_0,160,ResNet-50,1.0,1185.946579,0.5102040816326531,434.76585092947107,2.7277822682361212
Image Classification,Offline,69.85,810.3249529,DeepX M1,inputResolution:128,resnet101_w1_0,128,ResNet-101,1.0,810.3249529,0.32653061224489793,341.93958042847464,2.3697898672174924
Image Classification,Offline,13.38,1367.601931,DeepX M1,inputResolution:48,resnet50_w1_0,48,ResNet-50,1.0,1367.601931,0.04591836734693877,572.555418729697,2.388593114766492
Image Classification,Offline,60.06,2913.391834,Mobilint-ARIES,inputResolution:448,mobilenetv2_w1_0,448,MobileNetV2,1.0,2913.391834,4.0,408.8798419153755,7.125300724908261
Image Classification,Offline,72.21,555.8806171,Mobilint-ARIES,inputResolution:448,resnet50_w1_0,448,ResNet-50,1.0,555.8806171,4.0,128.4413154821329,4.327895700954005
Image Classification,Offline,74.07,320.3418229,Mobilint-ARIES,inputResolution:448,resnet101_w1_0,448,ResNet-101,1.0,320.3418229,4.0,80.60162555730271,3.974384147776983
Image Classification,Offline,60.91,2953.618979,Mobilint-ARIES,inputResolution:432,mobilenetv2_w1_0,432,MobileNetV2,1.0,2953.618979,3.719387755102041,421.8013912085476,7.00239269135001
Image Classification,Offline,72.41,575.1954659,Mobilint-ARIES,inputResolution:432,resnet50_w1_0,432,ResNet-50,1.0,575.1954659,3.719387755102041,122.36797754970124,4.700539123206293
Image Classification,Offline,74.87,320.0037045,Mobilint-ARIES,inputResolution:432,resnet101_w1_0,432,ResNet-101,1.0,320.0037045,3.719387755102041,71.07622500451289,4.502260840100636
Image Classification,Offline,61.14,3210.926927,Mobilint-ARIES,inputResolution:416,mobilenetv2_w1_0,416,MobileNetV2,1.0,3210.926927,3.4489795918367347,430.6153023342739,7.456602005535448
Image Classification,Offline,73.27,627.6794581,Mobilint-ARIES,inputResolution:416,resnet50_w1_0,416,ResNet-50,1.0,627.6794581,3.4489795918367347,132.04998697746797,4.753347368425736
Image Classification,Offline,75.55,346.7784044,Mobilint-ARIES,inputResolution:416,resnet101_w1_0,416,ResNet-101,1.0,346.7784044,3.4489795918367347,76.09777947052385,4.5570108196694905
Image Classification,Offline,61.49,3330.917915,Mobilint-ARIES,inputResolution:400,mobilenetv2_w1_0,400,MobileNetV2,1.0,3330.917915,3.188775510204082,457.3385696172611,7.283264820169418
Image Classification,Offline,73.09,637.121011,Mobilint-ARIES,inputResolution:400,resnet50_w1_0,400,ResNet-50,1.0,637.121011,3.188775510204082,135.33502665204378,4.707731817558839
Image Classification,Offline,76.13,348.0723172,Mobilint-ARIES,inputResolution:400,resnet101_w1_0,400,ResNet-101,1.0,348.0723172,3.188775510204082,74.84290082192248,4.650705856901326
Image Classification,Offline,63.4,3762.576604,Mobilint-ARIES,inputResolution:384,mobilenetv2_w1_0,384,MobileNetV2,1.0,3762.576604,2.9387755102040813,547.5447729359369,6.871724085365753
Image Classification,Offline,73.82,700.9742474,Mobilint-ARIES,inputResolution:384,resnet50_w1_0,384,ResNet-50,1.0,700.9742474,2.9387755102040813,155.41223828507583,4.5104185817991285
Image Classification,Offline,76.57,408.8676873,Mobilint-ARIES,inputResolution:384,resnet101_w1_0,384,ResNet-101,1.0,408.8676873,2.9387755102040813,99.199024126029,4.121690620469688
Image Classification,Offline,63.32,4619.847465,Mobilint-ARIES,inputResolution:368,mobilenetv2_w1_0,368,MobileNetV2,1.0,4619.847465,2.6989795918367343,555.8672071374639,8.311063156236035
Image Classification,Offline,73.93,734.6572608,Mobilint-ARIES,inputResolution:368,resnet50_w1_0,368,ResNet-50,1.0,734.6572608,2.6989795918367343,164.9235213340153,4.454532954775552
Image Classification,Offline,76.79,412.8096399,Mobilint-ARIES,inputResolution:368,resnet101_w1_0,368,ResNet-101,1.0,412.8096399,2.6989795918367343,103.36001470682362,3.993900746540307
Image Classification,Offline,64.09,3990.920032,Mobilint-ARIES,inputResolution:352,mobilenetv2_w1_0,352,MobileNetV2,1.0,3990.920032,2.4693877551020407,607.3536029864695,6.570999187912793
Image Classification,Offline,75.0,886.7088762,Mobilint-ARIES,inputResolution:352,resnet50_w1_0,352,ResNet-50,1.0,886.7088762,2.4693877551020407,180.2901724206885,4.918231894143162
Image Classification,Offline,76.99,472.0505381,Mobilint-ARIES,inputResolution:352,resnet101_w1_0,352,ResNet-101,1.0,472.0505381,2.4693877551020407,97.19700705066312,4.856636561390698
Image Classification,Offline,64.33,4138.38082,Mobilint-ARIES,inputResolution:336,mobilenetv2_w1_0,336,MobileNetV2,1.0,4138.38082,2.25,656.0244254477891,6.308272465884521
Image Classification,Offline,74.91,991.5027985,Mobilint-ARIES,inputResolution:336,resnet50_w1_0,336,ResNet-50,1.0,991.5027985,2.25,227.5469781647299,4.35735427689228
Image Classification,Offline,77.28,564.8689704,Mobilint-ARIES,inputResolution:336,resnet101_w1_0,336,ResNet-101,1.0,564.8689704,2.25,136.25986196761525,4.145527246565477
Image Classification,Offline,65.31,4882.486168,Mobilint-ARIES,inputResolution:320,mobilenetv2_w1_0,320,MobileNetV2,1.0,4882.486168,2.0408163265306123,805.476343445737,6.0616133642277745
Image Classification,Offline,75.15,1082.208459,Mobilint-ARIES,inputResolution:320,resnet50_w1_0,320,ResNet-50,1.0,1082.208459,2.0408163265306123,258.99071578602843,4.178560824914253
Image Classification,Offline,77.33,610.2365479,Mobilint-ARIES,inputResolution:320,resnet101_w1_0,320,ResNet-101,1.0,610.2365479,2.0408163265306123,153.7650419821988,3.9686299306616544
Image Classification,Offline,65.74,5298.663335,Mobilint-ARIES,inputResolution:304,mobilenetv2_w1_0,304,MobileNetV2,1.0,5298.663335,1.8418367346938778,795.1270189014477,6.663920617765782
Image Classification,Offline,75.49,1130.008426,Mobilint-ARIES,inputResolution:304,resnet50_w1_0,304,ResNet-50,1.0,1130.008426,1.8418367346938778,269.67719378047923,4.190226137252977
Image Classification,Offline,77.52,644.0368806,Mobilint-ARIES,inputResolution:304,resnet101_w1_0,304,ResNet-101,1.0,644.0368806,1.8418367346938778,163.67884659408435,3.9347594023385346
Image Classification,Offline,66.72,5512.334316,Mobilint-ARIES,inputResolution:288,mobilenetv2_w1_0,288,MobileNetV2,1.0,5512.334316,1.6530612244897962,822.033880303936,6.705726428163628
Image Classification,Offline,75.64,1167.938453,Mobilint-ARIES,inputResolution:288,resnet50_w1_0,288,ResNet-50,1.0,1167.938453,1.6530612244897962,291.8223915089882,4.002223568111727
Image Classification,Offline,77.88,673.0617919,Mobilint-ARIES,inputResolution:288,resnet101_w1_0,288,ResNet-101,1.0,673.0617919,1.6530612244897962,177.0875472182185,3.80072908836786
Image Classification,Offline,66.06,6923.729987,Mobilint-ARIES,inputResolution:272,mobilenetv2_w1_0,272,MobileNetV2,1.0,6923.729987,1.4744897959183672,941.8753589475219,7.351004484008129
Image Classification,Offline,75.65,1258.56421,Mobilint-ARIES,inputResolution:272,resnet50_w1_0,272,ResNet-50,1.0,1258.56421,1.4744897959183672,330.0208839096457,3.813589597998211
Image Classification,Offline,77.88,690.3017751,Mobilint-ARIES,inputResolution:272,resnet101_w1_0,272,ResNet-101,1.0,690.3017751,1.4744897959183672,187.63970904522168,3.6788682875949004
Image Classification,Offline,66.55,6070.965672,Mobilint-ARIES,inputResolution:256,mobilenetv2_w1_0,256,MobileNetV2,1.0,6070.965672,1.3061224489795917,1082.0542104506603,5.610592901321948
Image Classification,Offline,75.78,1604.843652,Mobilint-ARIES,inputResolution:256,resnet50_w1_0,256,ResNet-50,1.0,1604.843652,1.3061224489795917,421.91324577649016,3.8037290084278865
Image Classification,Offline,77.76,1070.267237,Mobilint-ARIES,inputResolution:256,resnet101_w1_0,256,ResNet-101,1.0,1070.267237,1.3061224489795917,283.25473483700284,3.778461947391201
Image Classification,Offline,66.14,7001.049578,Mobilint-ARIES,inputResolution:240,mobilenetv2_w1_0,240,MobileNetV2,1.0,7001.049578,1.1479591836734693,1184.094734626502,5.912575550982696
Image Classification,Offline,75.59,1715.770567,Mobilint-ARIES,inputResolution:240,resnet50_w1_0,240,ResNet-50,1.0,1715.770567,1.1479591836734693,463.6717683353888,3.700399041243606
Image Classification,Offline,77.99,1120.783969,Mobilint-ARIES,inputResolution:240,resnet101_w1_0,240,ResNet-101,1.0,1120.783969,1.1479591836734693,311.4044043737284,3.599126901413071
Image Classification,Offline,67.57,7152.899231,Mobilint-ARIES,inputResolution:224,mobilenetv2_w1_0,224,MobileNetV2,1.0,7152.899231,1.0,1233.6423876859742,5.79819508667919
Image Classification,Offline,76.83,1823.919917,Mobilint-ARIES,inputResolution:224,resnet50_w1_0,224,ResNet-50,1.0,1823.919917,1.0,507.3620787115491,3.5949078449691436
Image Classification,Offline,79.24,1178.529828,Mobilint-ARIES,inputResolution:224,resnet101_w1_0,224,ResNet-101,1.0,1178.529828,1.0,348.81880331032437,3.3786304431287455
Image Classification,Offline,64.72,9121.491347,Mobilint-ARIES,inputResolution:208,mobilenetv2_w1_0,208,MobileNetV2,1.0,9121.491347,0.8622448979591837,1349.3065392862284,6.760132765550214
Image Classification,Offline,75.32,1933.675122,Mobilint-ARIES,inputResolution:208,resnet50_w1_0,208,ResNet-50,1.0,1933.675122,0.8622448979591837,552.5149839494453,3.499769559511041
Image Classification,Offline,77.48,1213.096079,Mobilint-ARIES,inputResolution:208,resnet101_w1_0,208,ResNet-101,1.0,1213.096079,0.8622448979591837,388.2069031766757,3.12486993166093
Image Classification,Offline,64.67,8615.7411,Mobilint-ARIES,inputResolution:192,mobilenetv2_w1_0,192,MobileNetV2,1.0,8615.7411,0.7346938775510203,1644.559594826169,5.238935169698541
Image Classification,Offline,74.45,1922.025337,Mobilint-ARIES,inputResolution:192,resnet50_w1_0,192,ResNet-50,1.0,1922.025337,0.7346938775510203,630.0746003538252,3.050472651842601
Image Classification,Offline,76.62,1208.019378,Mobilint-ARIES,inputResolution:192,resnet101_w1_0,192,ResNet-101,1.0,1208.019378,0.7346938775510203,445.3517165448624,2.712506392412906
Image Classification,Offline,63.19,9333.998444,Mobilint-ARIES,inputResolution:176,mobilenetv2_w1_0,176,MobileNetV2,1.0,9333.998444,0.6173469387755102,1707.1896672714142,5.467464232558557
Image Classification,Offline,73.33,2103.977201,Mobilint-ARIES,inputResolution:176,resnet50_w1_0,176,ResNet-50,1.0,2103.977201,0.6173469387755102,730.8147145970562,2.8789475074541353
Image Classification,Offline,76.06,1281.114031,Mobilint-ARIES,inputResolution:176,resnet101_w1_0,176,ResNet-101,1.0,1281.114031,0.6173469387755102,510.4128264162631,2.5099565776883472
Image Classification,Offline,61.07,10882.80887,Mobilint-ARIES,inputResolution:160,mobilenetv2_w1_0,160,MobileNetV2,1.0,10882.80887,0.5102040816326531,1896.8581197054732,5.737281432356039
Image Classification,Offline,72.14,2215.07144,Mobilint-ARIES,inputResolution:160,resnet50_w1_0,160,ResNet-50,1.0,2215.07144,0.5102040816326531,816.9014151469946,2.7115529474280766
Image Classification,Offline,74.63,1314.261683,Mobilint-ARIES,inputResolution:160,resnet101_w1_0,160,ResNet-101,1.0,1314.261683,0.5102040816326531,538.6895055617688,2.439738790956083
Image Classification,Offline,57.82,10701.83237,Mobilint-ARIES,inputResolution:144,mobilenetv2_w1_0,144,MobileNetV2,1.0,10701.83237,0.41326530612244905,2133.736050692567,5.015537121625894
Image Classification,Offline,69.96,2224.282691,Mobilint-ARIES,inputResolution:144,resnet50_w1_0,144,ResNet-50,1.0,2224.282691,0.41326530612244905,865.2363024845451,2.5707228009422662
Image Classification,Offline,72.75,1329.822162,Mobilint-ARIES,inputResolution:144,resnet101_w1_0,144,ResNet-101,1.0,1329.822162,0.41326530612244905,576.1477472545591,2.3081269836371416
Image Classification,Offline,53.73,11101.41917,Mobilint-ARIES,inputResolution:128,mobilenetv2_w1_0,128,MobileNetV2,1.0,11101.41917,0.32653061224489793,2457.778197020121,4.516851513883422
Image Classification,Offline,66.49,2277.254456,Mobilint-ARIES,inputResolution:128,resnet50_w1_0,128,ResNet-50,1.0,2277.254456,0.32653061224489793,1011.6933019259623,2.2509336096866384
Image Classification,Offline,69.99,1348.034467,Mobilint-ARIES,inputResolution:128,resnet101_w1_0,128,ResNet-101,1.0,1348.034467,0.32653061224489793,636.7741336193138,2.116974286216693
Image Classification,Offline,47.98,12163.27005,Mobilint-ARIES,inputResolution:112,mobilenetv2_w1_0,112,MobileNetV2,1.0,12163.27005,0.25,2562.2389885575944,4.7471255040293014
Image Classification,Offline,62.3,2318.298535,Mobilint-ARIES,inputResolution:112,resnet50_w1_0,112,ResNet-50,1.0,2318.298535,0.25,1040.5712302343898,2.2279095055105462
Image Classification,Offline,64.71,1358.699838,Mobilint-ARIES,inputResolution:112,resnet101_w1_0,112,ResNet-101,1.0,1358.699838,0.25,637.5409252900619,2.1311570506345654
Image Classification,Offline,38.69,12753.23107,Mobilint-ARIES,inputResolution:96,mobilenetv2_w1_0,96,MobileNetV2,1.0,12753.23107,0.18367346938775508,2781.7924606569977,4.5845372184911195
Image Classification,Offline,53.95,2354.778039,Mobilint-ARIES,inputResolution:96,resnet50_w1_0,96,ResNet-50,1.0,2354.778039,0.18367346938775508,1081.0215314030997,2.178289673789977
Image Classification,Offline,56.65,1374.156849,Mobilint-ARIES,inputResolution:96,resnet101_w1_0,96,ResNet-101,1.0,1374.156849,0.18367346938775508,659.322695333068,2.0841946723915235
Image Classification,Offline,29.21,13689.27527,Mobilint-ARIES,inputResolution:80,mobilenetv2_w1_0,80,MobileNetV2,1.0,13689.27527,0.12755102040816327,2964.041522783446,4.618449223729091
Image Classification,Offline,43.89,2388.788868,Mobilint-ARIES,inputResolution:80,resnet50_w1_0,80,ResNet-50,1.0,2388.788868,0.12755102040816327,1145.0160896687657,2.0862491711282742
Image Classification,Offline,46.6,1379.166619,Mobilint-ARIES,inputResolution:80,resnet101_w1_0,80,ResNet-101,1.0,1379.166619,0.12755102040816327,674.4539433713496,2.0448640452838758
Image Classification,Offline,16.21,14013.40272,Mobilint-ARIES,inputResolution:64,mobilenetv2_w1_0,64,MobileNetV2,1.0,14013.40272,0.08163265306122448,3274.2689164067983,4.279856993352394
Image Classification,Offline,28.74,2404.842723,Mobilint-ARIES,inputResolution:64,resnet50_w1_0,64,ResNet-50,1.0,2404.842723,0.08163265306122448,1227.1785621801155,1.9596518364269115
Image Classification,Offline,31.38,1386.451448,Mobilint-ARIES,inputResolution:64,resnet101_w1_0,64,ResNet-101,1.0,1386.451448,0.08163265306122448,734.1353066577145,1.8885502923324506
Image Classification,Offline,6.63,14019.18874,Mobilint-ARIES,inputResolution:48,mobilenetv2_w1_0,48,MobileNetV2,1.0,14019.18874,0.04591836734693877,3418.34102536407,4.101167389671686
Image Classification,Offline,13.73,2406.721668,Mobilint-ARIES,inputResolution:48,resnet50_w1_0,48,ResNet-50,1.0,2406.721668,0.04591836734693877,1243.3524039388171,1.9356713835721429
Image Classification,Offline,15.92,1387.366539,Mobilint-ARIES,inputResolution:48,resnet101_w1_0,48,ResNet-101,1.0,1387.366539,0.04591836734693877,740.2173275853139,1.8742692008112967
Image Classification,Offline,74.2,169.279212,Apple M4 ANE,inputResolution:448,resnet101_w1_0,448,ResNet-101,1.0,169.279212,4.0,165.4366786548051,1.023226610788123
Image Classification,Offline,72.07,268.4843721,Apple M4 ANE,inputResolution:448,resnet50_w1_0,448,ResNet-50,1.0,268.4843721,4.0,263.84357147983644,1.0175892124039043
Image Classification,Offline,59.45,631.9857473,Apple M4 ANE,inputResolution:448,mobilenetv2_w1_0,448,MobileNetV2,1.0,631.9857473,4.0,634.1352867530945,0.9966102825406536
Image Classification,Offline,74.81,170.7815268,Apple M4 ANE,inputResolution:432,resnet101_w1_0,432,ResNet-101,1.0,170.7815268,3.719387755102041,165.95847466773316,1.0290618008024182
Image Classification,Offline,72.58,272.2689108,Apple M4 ANE,inputResolution:432,resnet50_w1_0,432,ResNet-50,1.0,272.2689108,3.719387755102041,266.29443802881076,1.0224355897757913
Image Classification,Offline,59.49,655.8145833,Apple M4 ANE,inputResolution:432,mobilenetv2_w1_0,432,MobileNetV2,1.0,655.8145833,3.719387755102041,659.6410919336361,0.9941991051187863
Image Classification,Offline,75.52,177.6581136,Apple M4 ANE,inputResolution:416,resnet101_w1_0,416,ResNet-101,1.0,177.6581136,3.4489795918367347,173.2111569269248,1.0256736156721782
Image Classification,Offline,73.2,286.6545049,Apple M4 ANE,inputResolution:416,resnet50_w1_0,416,ResNet-50,1.0,286.6545049,3.4489795918367347,281.5732169718499,1.0180460627001258
Image Classification,Offline,61.15,722.3438338,Apple M4 ANE,inputResolution:416,mobilenetv2_w1_0,416,MobileNetV2,1.0,722.3438338,3.4489795918367347,722.7839529651985,0.9993910778409053
Image Classification,Offline,76.03,177.4002259,Apple M4 ANE,inputResolution:400,resnet101_w1_0,400,ResNet-101,1.0,177.4002259,3.188775510204082,172.97079338390014,1.0256079794134316
Image Classification,Offline,73.44,287.7129384,Apple M4 ANE,inputResolution:400,resnet50_w1_0,400,ResNet-50,1.0,287.7129384,3.188775510204082,282.8808196827049,1.0170818181406398
Image Classification,Offline,61.62,743.9515818,Apple M4 ANE,inputResolution:400,mobilenetv2_w1_0,400,MobileNetV2,1.0,743.9515818,3.188775510204082,750.2990673324911,0.9915400594124979
Image Classification,Offline,76.36,221.8220758,Apple M4 ANE,inputResolution:384,resnet101_w1_0,384,ResNet-101,1.0,221.8220758,2.9387755102040813,216.54491951162197,1.0243697995791343
Image Classification,Offline,74.22,348.820189,Apple M4 ANE,inputResolution:384,resnet50_w1_0,384,ResNet-50,1.0,348.820189,2.9387755102040813,347.83853280070633,1.0028221605909777
Image Classification,Offline,63.25,835.9498703,Apple M4 ANE,inputResolution:384,mobilenetv2_w1_0,384,MobileNetV2,1.0,835.9498703,2.9387755102040813,844.4408243453959,0.9899448797350863
Image Classification,Offline,76.91,219.3297504,Apple M4 ANE,inputResolution:368,resnet101_w1_0,368,ResNet-101,1.0,219.3297504,2.6989795918367343,213.61365236586715,1.026759048266927
Image Classification,Offline,74.29,344.9471988,Apple M4 ANE,inputResolution:368,resnet50_w1_0,368,ResNet-50,1.0,344.9471988,2.6989795918367343,339.89703177673795,1.014857932112156
Image Classification,Offline,63.62,890.5494995,Apple M4 ANE,inputResolution:368,mobilenetv2_w1_0,368,MobileNetV2,1.0,890.5494995,2.6989795918367343,903.0181661049434,0.9861922305962842
Image Classification,Offline,76.95,229.8298253,Apple M4 ANE,inputResolution:352,resnet101_w1_0,352,ResNet-101,1.0,229.8298253,2.4693877551020407,223.4372651824465,1.0286100893346224
Image Classification,Offline,75.17,368.6815072,Apple M4 ANE,inputResolution:352,resnet50_w1_0,352,ResNet-50,1.0,368.6815072,2.4693877551020407,361.83956022176164,1.0189087864633848
Image Classification,Offline,65.06,996.7817343,Apple M4 ANE,inputResolution:352,mobilenetv2_w1_0,352,MobileNetV2,1.0,996.7817343,2.4693877551020407,1009.1661888794574,0.9877280325917294
Image Classification,Offline,77.46,217.8614789,Apple M4 ANE,inputResolution:336,resnet101_w1_0,336,ResNet-101,1.0,217.8614789,2.25,212.1572738945798,1.0268866812846333
Image Classification,Offline,75.04,360.8083476,Apple M4 ANE,inputResolution:336,resnet50_w1_0,336,ResNet-50,1.0,360.8083476,2.25,354.07643232382844,1.0190126047983186
Image Classification,Offline,64.65,1032.024465,Apple M4 ANE,inputResolution:336,mobilenetv2_w1_0,336,MobileNetV2,1.0,1032.024465,2.25,1047.2480350681476,0.9854632622278857
Image Classification,Offline,77.54,270.6651234,Apple M4 ANE,inputResolution:320,resnet101_w1_0,320,ResNet-101,1.0,270.6651234,2.0408163265306123,263.39200725680803,1.0276132758125067
Image Classification,Offline,75.36,435.261014,Apple M4 ANE,inputResolution:320,resnet50_w1_0,320,ResNet-50,1.0,435.261014,2.0408163265306123,429.1419891534036,1.0142587418645932
Image Classification,Offline,65.74,1239.684633,Apple M4 ANE,inputResolution:320,mobilenetv2_w1_0,320,MobileNetV2,1.0,1239.684633,2.0408163265306123,1260.7684598093176,0.9832770032869427
Image Classification,Offline,77.81,287.4895505,Apple M4 ANE,inputResolution:304,resnet101_w1_0,304,ResNet-101,1.0,287.4895505,1.8418367346938778,280.2298795983999,1.025906127183882
Image Classification,Offline,75.46,450.0306761,Apple M4 ANE,inputResolution:304,resnet50_w1_0,304,ResNet-50,1.0,450.0306761,1.8418367346938778,443.6343377793536,1.0144180415624808
Image Classification,Offline,66.25,1314.286198,Apple M4 ANE,inputResolution:304,mobilenetv2_w1_0,304,MobileNetV2,1.0,1314.286198,1.8418367346938778,1336.6416354411363,0.9832749206306459
Image Classification,Offline,77.94,363.7658974,Apple M4 ANE,inputResolution:288,resnet101_w1_0,288,ResNet-101,1.0,363.7658974,1.6530612244897962,354.79163146024956,1.025294469045998
Image Classification,Offline,75.47,547.9238649,Apple M4 ANE,inputResolution:288,resnet50_w1_0,288,ResNet-50,1.0,547.9238649,1.6530612244897962,537.8413988886472,1.0187461694696363
Image Classification,Offline,66.86,1494.991441,Apple M4 ANE,inputResolution:288,mobilenetv2_w1_0,288,MobileNetV2,1.0,1494.991441,1.6530612244897962,1501.8700753013777,0.9954199538199084
Image Classification,Offline,78.02,376.9594583,Apple M4 ANE,inputResolution:272,resnet101_w1_0,272,ResNet-101,1.0,376.9594583,1.4744897959183672,367.74421846844973,1.025058829938725
Image Classification,Offline,75.78,533.3020813,Apple M4 ANE,inputResolution:272,resnet50_w1_0,272,ResNet-50,1.0,533.3020813,1.4744897959183672,526.4540324234637,1.0130078761957853
Image Classification,Offline,66.49,1537.594751,Apple M4 ANE,inputResolution:272,mobilenetv2_w1_0,272,MobileNetV2,1.0,1537.594751,1.4744897959183672,1544.7401228080757,0.995374385825438
Image Classification,Offline,78.31,491.0260632,Apple M4 ANE,inputResolution:256,resnet101_w1_0,256,ResNet-101,1.0,491.0260632,1.3061224489795917,485.019699506763,1.0123837520400618
Image Classification,Offline,75.81,677.130474,Apple M4 ANE,inputResolution:256,resnet50_w1_0,256,ResNet-50,1.0,677.130474,1.3061224489795917,670.5418253273118,1.0098258578716877
Image Classification,Offline,67.24,1825.275112,Apple M4 ANE,inputResolution:256,mobilenetv2_w1_0,256,MobileNetV2,1.0,1825.275112,1.3061224489795917,1869.9098307975628,0.9761300154358111
Image Classification,Offline,78.14,497.3394741,Apple M4 ANE,inputResolution:240,resnet101_w1_0,240,ResNet-101,1.0,497.3394741,1.1479591836734693,492.9450369325291,1.00891465952232
Image Classification,Offline,75.81,688.3122974,Apple M4 ANE,inputResolution:240,resnet50_w1_0,240,ResNet-50,1.0,688.3122974,1.1479591836734693,680.5555796869221,1.011397625623239
Image Classification,Offline,66.64,2040.565301,Apple M4 ANE,inputResolution:240,mobilenetv2_w1_0,240,MobileNetV2,1.0,2040.565301,1.1479591836734693,2066.9175896352813,0.9872504405751701
Image Classification,Offline,79.22,550.0132686,Apple M4 ANE,inputResolution:224,resnet101_w1_0,224,ResNet-101,1.0,550.0132686,1.0,541.7987160620901,1.0151616316066878
Image Classification,Offline,76.91,797.7809274,Apple M4 ANE,inputResolution:224,resnet50_w1_0,224,ResNet-50,1.0,797.7809274,1.0,799.3390374209675,0.998050751998808
Image Classification,Offline,68.18,2223.391483,Apple M4 ANE,inputResolution:224,mobilenetv2_w1_0,224,MobileNetV2,1.0,2223.391483,1.0,2267.1703043421758,0.980690104639105
Image Classification,Offline,77.69,556.1069619,Apple M4 ANE,inputResolution:208,resnet101_w1_0,208,ResNet-101,1.0,556.1069619,0.8622448979591837,547.8464376223487,1.0150781746678903
Image Classification,Offline,75.52,809.4370912,Apple M4 ANE,inputResolution:208,resnet50_w1_0,208,ResNet-50,1.0,809.4370912,0.8622448979591837,800.8492756703511,1.0107233855240245
Image Classification,Offline,65.47,2439.611601,Apple M4 ANE,inputResolution:208,mobilenetv2_w1_0,208,MobileNetV2,1.0,2439.611601,0.8622448979591837,2601.331452483982,0.9378318932293086
Image Classification,Offline,76.89,581.4365622,Apple M4 ANE,inputResolution:192,resnet101_w1_0,192,ResNet-101,1.0,581.4365622,0.7346938775510203,582.2521660744205,0.99859922569302
Image Classification,Offline,74.78,864.6088981,Apple M4 ANE,inputResolution:192,resnet50_w1_0,192,ResNet-50,1.0,864.6088981,0.7346938775510203,858.3707889292616,1.0072673828736878
Image Classification,Offline,64.86,2719.137716,Apple M4 ANE,inputResolution:192,mobilenetv2_w1_0,192,MobileNetV2,1.0,2719.137716,0.7346938775510203,2878.6084926296744,0.9446014360626047
Image Classification,Offline,76.36,584.2130101,Apple M4 ANE,inputResolution:176,resnet101_w1_0,176,ResNet-101,1.0,584.2130101,0.6173469387755102,585.5734295559772,0.9976767739325045
Image Classification,Offline,73.54,873.2516445,Apple M4 ANE,inputResolution:176,resnet50_w1_0,176,ResNet-50,1.0,873.2516445,0.6173469387755102,872.1864143909328,1.001221333067669
Image Classification,Offline,64.02,2775.336768,Apple M4 ANE,inputResolution:176,mobilenetv2_w1_0,176,MobileNetV2,1.0,2775.336768,0.6173469387755102,3021.4967863586794,0.9185304384667785
Image Classification,Offline,75.08,614.5351112,Apple M4 ANE,inputResolution:160,resnet101_w1_0,160,ResNet-101,1.0,614.5351112,0.5102040816326531,617.8191856835953,0.9946844083840459
Image Classification,Offline,72.39,941.2107943,Apple M4 ANE,inputResolution:160,resnet50_w1_0,160,ResNet-50,1.0,941.2107943,0.5102040816326531,945.6827561729497,0.9952711817533323
Image Classification,Offline,61.88,3057.909037,Apple M4 ANE,inputResolution:160,mobilenetv2_w1_0,160,MobileNetV2,1.0,3057.909037,0.5102040816326531,3344.6622506711906,0.9142654198899616
Image Classification,Offline,72.72,626.2934678,Apple M4 ANE,inputResolution:144,resnet101_w1_0,144,ResNet-101,1.0,626.2934678,0.41326530612244905,630.9642172627129,0.9925974416061568
Image Classification,Offline,70.18,965.4221093,Apple M4 ANE,inputResolution:144,resnet50_w1_0,144,ResNet-50,1.0,965.4221093,0.41326530612244905,974.9867091518037,0.9901900202720461
Image Classification,Offline,58.76,3139.938895,Apple M4 ANE,inputResolution:144,mobilenetv2_w1_0,144,MobileNetV2,1.0,3139.938895,0.41326530612244905,3507.127320919538,0.8953022253485612
Image Classification,Offline,69.8,648.6771554,Apple M4 ANE,inputResolution:128,resnet101_w1_0,128,ResNet-101,1.0,648.6771554,0.32653061224489793,653.9330871574326,0.9919625847649344
Image Classification,Offline,66.9,1020.07902,Apple M4 ANE,inputResolution:128,resnet50_w1_0,128,ResNet-50,1.0,1020.07902,0.32653061224489793,1035.9515754174017,0.9846782843966366
Image Classification,Offline,54.4,3529.966838,Apple M4 ANE,inputResolution:128,mobilenetv2_w1_0,128,MobileNetV2,1.0,3529.966838,0.32653061224489793,3847.8358091828823,0.9173901936188945
Image Classification,Offline,65.32,651.7557649,Apple M4 ANE,inputResolution:112,resnet101_w1_0,112,ResNet-101,1.0,651.7557649,0.25,658.8330902735551,0.9892577870206604
Image Classification,Offline,62.48,1031.439981,Apple M4 ANE,inputResolution:112,resnet50_w1_0,112,ResNet-50,1.0,1031.439981,0.25,1045.8010275112226,0.986267897875948
Image Classification,Offline,48.88,3698.263987,Apple M4 ANE,inputResolution:112,mobilenetv2_w1_0,112,MobileNetV2,1.0,3698.263987,0.25,4055.6813249372294,0.911872430474364
Image Classification,Offline,56.84,658.7389465,Apple M4 ANE,inputResolution:96,resnet101_w1_0,96,ResNet-101,1.0,658.7389465,0.18367346938775508,665.1536443325181,0.9903560660199716
Image Classification,Offline,54.12,1044.018185,Apple M4 ANE,inputResolution:96,resnet50_w1_0,96,ResNet-50,1.0,1044.018185,0.18367346938775508,1063.0338655067603,0.9821118770306575
Image Classification,Offline,39.72,3979.766985,Apple M4 ANE,inputResolution:96,mobilenetv2_w1_0,96,MobileNetV2,1.0,3979.766985,0.18367346938775508,4374.5770440185,0.909748975719073
Image Classification,Offline,46.81,662.9431931,Apple M4 ANE,inputResolution:80,resnet101_w1_0,80,ResNet-101,1.0,662.9431931,0.12755102040816327,670.1557647467029,0.9892374698150527
Image Classification,Offline,43.77,1058.887834,Apple M4 ANE,inputResolution:80,resnet50_w1_0,80,ResNet-50,1.0,1058.887834,0.12755102040816327,1075.0951153581304,0.9849247930470492
Image Classification,Offline,29.54,4050.605595,Apple M4 ANE,inputResolution:80,mobilenetv2_w1_0,80,MobileNetV2,1.0,4050.605595,0.12755102040816327,4427.905312840344,0.9147904728797556
Image Classification,Offline,31.84,665.6243046,Apple M4 ANE,inputResolution:64,resnet101_w1_0,64,ResNet-101,1.0,665.6243046,0.08163265306122448,672.7130428894322,0.9894624634316814
Image Classification,Offline,29.18,1063.595145,Apple M4 ANE,inputResolution:64,resnet50_w1_0,64,ResNet-50,1.0,1063.595145,0.08163265306122448,1088.7754347141702,0.9768728344603214
Image Classification,Offline,16.79,4525.385012,Apple M4 ANE,inputResolution:64,mobilenetv2_w1_0,64,MobileNetV2,1.0,4525.385012,0.08163265306122448,4814.273859824088,0.9399932666409128
Image Classification,Offline,16.06,664.1440122,Apple M4 ANE,inputResolution:48,resnet101_w1_0,48,ResNet-101,1.0,664.1440122,0.04591836734693877,673.4966836410415,0.9861132628144814
Image Classification,Offline,14.04,1069.762227,Apple M4 ANE,inputResolution:48,resnet50_w1_0,48,ResNet-50,1.0,1069.762227,0.04591836734693877,1082.7700466691106,0.9879865353598152
Image Classification,Offline,6.86,4703.559832,Apple M4 ANE,inputResolution:48,mobilenetv2_w1_0,48,MobileNetV2,1.0,4703.559832,0.04591836734693877,4977.983052984362,0.9448726084312717
Image Classification,Offline,74.21,8.81788361,Apple M4 CPU,inputResolution:448,resnet101_w1_0,448,ResNet-101,1.0,8.81788361,4.0,3.4243987329668526,2.575016608057294
Image Classification,Offline,72.05,16.79883343,Apple M4 CPU,inputResolution:448,resnet50_w1_0,448,ResNet-50,1.0,16.79883343,4.0,6.047762983485289,2.7776937482293547
Image Classification,Offline,59.46,129.8966948,Apple M4 CPU,inputResolution:448,mobilenetv2_w1_0,448,MobileNetV2,1.0,129.8966948,4.0,36.56165521896258,3.552812202348802
Image Classification,Offline,74.86,9.299826335,Apple M4 CPU,inputResolution:432,resnet101_w1_0,432,ResNet-101,1.0,9.299826335,3.719387755102041,3.7248643518197673,2.4966885922856785
Image Classification,Offline,72.64,17.76895404,Apple M4 CPU,inputResolution:432,resnet50_w1_0,432,ResNet-50,1.0,17.76895404,3.719387755102041,6.305099106470169,2.8181879047334637
Image Classification,Offline,59.54,136.4947131,Apple M4 CPU,inputResolution:432,mobilenetv2_w1_0,432,MobileNetV2,1.0,136.4947131,3.719387755102041,37.96484474814322,3.595292276459939
Image Classification,Offline,75.53,10.10560037,Apple M4 CPU,inputResolution:416,resnet101_w1_0,416,ResNet-101,1.0,10.10560037,3.4489795918367347,3.9281633621230037,2.5726018595464817
Image Classification,Offline,73.21,19.15745046,Apple M4 CPU,inputResolution:416,resnet50_w1_0,416,ResNet-50,1.0,19.15745046,3.4489795918367347,6.8383705094188585,2.801464242631107
Image Classification,Offline,61.12,148.4810122,Apple M4 CPU,inputResolution:416,mobilenetv2_w1_0,416,MobileNetV2,1.0,148.4810122,3.4489795918367347,41.81075158618629,3.551263887087266
Image Classification,Offline,76.07,11.00448976,Apple M4 CPU,inputResolution:400,resnet101_w1_0,400,ResNet-101,1.0,11.00448976,3.188775510204082,4.137244851595234,2.659859436590247
Image Classification,Offline,73.46,20.47974376,Apple M4 CPU,inputResolution:400,resnet50_w1_0,400,ResNet-50,1.0,20.47974376,3.188775510204082,7.200266435779083,2.8443036021880284
Image Classification,Offline,61.6,158.6038239,Apple M4 CPU,inputResolution:400,mobilenetv2_w1_0,400,MobileNetV2,1.0,158.6038239,3.188775510204082,43.400140691798484,3.6544541416653074
Image Classification,Offline,76.37,12.38409941,Apple M4 CPU,inputResolution:384,resnet101_w1_0,384,ResNet-101,1.0,12.38409941,2.9387755102040813,5.006356458151895,2.473675119524272
Image Classification,Offline,74.22,22.92527805,Apple M4 CPU,inputResolution:384,resnet50_w1_0,384,ResNet-50,1.0,22.92527805,2.9387755102040813,8.082256238254724,2.836494831912242
Image Classification,Offline,63.23,173.8050344,Apple M4 CPU,inputResolution:384,mobilenetv2_w1_0,384,MobileNetV2,1.0,173.8050344,2.9387755102040813,46.51722254415009,3.7363588128039984
Image Classification,Offline,76.91,12.82736297,Apple M4 CPU,inputResolution:368,resnet101_w1_0,368,ResNet-101,1.0,12.82736297,2.6989795918367343,4.934154395440309,2.5997084691662398
Image Classification,Offline,74.25,24.16421592,Apple M4 CPU,inputResolution:368,resnet50_w1_0,368,ResNet-50,1.0,24.16421592,2.6989795918367343,8.558571249917367,2.823393673357957
Image Classification,Offline,63.57,184.9294945,Apple M4 CPU,inputResolution:368,mobilenetv2_w1_0,368,MobileNetV2,1.0,184.9294945,2.6989795918367343,50.195647928299664,3.684173870295618
Image Classification,Offline,76.95,14.47200863,Apple M4 CPU,inputResolution:352,resnet101_w1_0,352,ResNet-101,1.0,14.47200863,2.4693877551020407,5.48997762038073,2.636077891515406
Image Classification,Offline,75.17,27.35076125,Apple M4 CPU,inputResolution:352,resnet50_w1_0,352,ResNet-50,1.0,27.35076125,2.4693877551020407,9.21514428164303,2.96802311652178
Image Classification,Offline,65.04,203.8971249,Apple M4 CPU,inputResolution:352,mobilenetv2_w1_0,352,MobileNetV2,1.0,203.8971249,2.4693877551020407,53.50044412484182,3.8111295753771994
Image Classification,Offline,77.49,15.38029522,Apple M4 CPU,inputResolution:336,resnet101_w1_0,336,ResNet-101,1.0,15.38029522,2.25,5.776212448336011,2.6626955565719705
Image Classification,Offline,75.02,29.3810261,Apple M4 CPU,inputResolution:336,resnet50_w1_0,336,ResNet-50,1.0,29.3810261,2.25,10.779216937619855,2.7257106216555638
Image Classification,Offline,64.63,223.2165902,Apple M4 CPU,inputResolution:336,mobilenetv2_w1_0,336,MobileNetV2,1.0,223.2165902,2.25,58.43090657835036,3.820180162713846
Image Classification,Offline,77.53,17.55257441,Apple M4 CPU,inputResolution:320,resnet101_w1_0,320,ResNet-101,1.0,17.55257441,2.0408163265306123,6.583346546823049,2.666208483050374
Image Classification,Offline,75.32,33.2699502,Apple M4 CPU,inputResolution:320,resnet50_w1_0,320,ResNet-50,1.0,33.2699502,2.0408163265306123,11.14699841921049,2.9846555053478165
Image Classification,Offline,65.69,248.696822,Apple M4 CPU,inputResolution:320,mobilenetv2_w1_0,320,MobileNetV2,1.0,248.696822,2.0408163265306123,60.83871726322238,4.087805154142192
Image Classification,Offline,77.86,18.6155226,Apple M4 CPU,inputResolution:304,resnet101_w1_0,304,ResNet-101,1.0,18.6155226,1.8418367346938778,7.049827264744618,2.6405643572423547
Image Classification,Offline,75.49,34.9769685,Apple M4 CPU,inputResolution:304,resnet50_w1_0,304,ResNet-50,1.0,34.9769685,1.8418367346938778,11.787377114712019,2.9673241264457952
Image Classification,Offline,66.2,267.7781221,Apple M4 CPU,inputResolution:304,mobilenetv2_w1_0,304,MobileNetV2,1.0,267.7781221,1.8418367346938778,64.70603037750125,4.138379692553484
Image Classification,Offline,77.95,20.77397015,Apple M4 CPU,inputResolution:288,resnet101_w1_0,288,ResNet-101,1.0,20.77397015,1.6530612244897962,7.849285104341877,2.6466066493761016
Image Classification,Offline,75.47,39.68991584,Apple M4 CPU,inputResolution:288,resnet50_w1_0,288,ResNet-50,1.0,39.68991584,1.6530612244897962,13.093417552792765,3.0312877199531703
Image Classification,Offline,66.86,298.2734862,Apple M4 CPU,inputResolution:288,mobilenetv2_w1_0,288,MobileNetV2,1.0,298.2734862,1.6530612244897962,72.1566222637711,4.133695242962602
Image Classification,Offline,78.03,22.84366252,Apple M4 CPU,inputResolution:272,resnet101_w1_0,272,ResNet-101,1.0,22.84366252,1.4744897959183672,8.643281262556663,2.6429386972468945
Image Classification,Offline,75.8,43.24306638,Apple M4 CPU,inputResolution:272,resnet50_w1_0,272,ResNet-50,1.0,43.24306638,1.4744897959183672,14.466090078174162,2.98927119534831
Image Classification,Offline,66.52,326.1045266,Apple M4 CPU,inputResolution:272,mobilenetv2_w1_0,272,MobileNetV2,1.0,326.1045266,1.4744897959183672,78.07696107577885,4.176706189723419
Image Classification,Offline,78.33,26.7018843,Apple M4 CPU,inputResolution:256,resnet101_w1_0,256,ResNet-101,1.0,26.7018843,1.3061224489795917,9.929921061665533,2.689032886986649
Image Classification,Offline,75.82,51.35024528,Apple M4 CPU,inputResolution:256,resnet50_w1_0,256,ResNet-50,1.0,51.35024528,1.3061224489795917,16.904005504970602,3.0377560670398815
Image Classification,Offline,67.15,382.1999365,Apple M4 CPU,inputResolution:256,mobilenetv2_w1_0,256,MobileNetV2,1.0,382.1999365,1.3061224489795917,91.18653439546776,4.191407635281251
Image Classification,Offline,78.16,27.7212161,Apple M4 CPU,inputResolution:240,resnet101_w1_0,240,ResNet-101,1.0,27.7212161,1.1479591836734693,10.339941061984389,2.6809839566609566
Image Classification,Offline,75.81,54.53022191,Apple M4 CPU,inputResolution:240,resnet50_w1_0,240,ResNet-50,1.0,54.53022191,1.1479591836734693,18.0598743377184,3.019413141547312
Image Classification,Offline,66.68,415.1126396,Apple M4 CPU,inputResolution:240,mobilenetv2_w1_0,240,MobileNetV2,1.0,415.1126396,1.1479591836734693,95.57221533883516,4.3434447776300695
Image Classification,Offline,79.21,32.12077662,Apple M4 CPU,inputResolution:224,resnet101_w1_0,224,ResNet-101,1.0,32.12077662,1.0,11.982278196647716,2.6806902738234233
Image Classification,Offline,76.88,62.48417116,Apple M4 CPU,inputResolution:224,resnet50_w1_0,224,ResNet-50,1.0,62.48417116,1.0,20.785986506610158,3.006071958149756
Image Classification,Offline,68.22,470.7263395,Apple M4 CPU,inputResolution:224,mobilenetv2_w1_0,224,MobileNetV2,1.0,470.7263395,1.0,99.95160433274653,4.709542609570488
Image Classification,Offline,77.71,36.00706595,Apple M4 CPU,inputResolution:208,resnet101_w1_0,208,ResNet-101,1.0,36.00706595,0.8622448979591837,13.365697694888249,2.693990749451935
Image Classification,Offline,75.54,69.239505,Apple M4 CPU,inputResolution:208,resnet50_w1_0,208,ResNet-50,1.0,69.239505,0.8622448979591837,22.905317603844324,3.022857233308092
Image Classification,Offline,65.41,521.1279096,Apple M4 CPU,inputResolution:208,mobilenetv2_w1_0,208,MobileNetV2,1.0,521.1279096,0.8622448979591837,109.45825832961583,4.760973886782554
Image Classification,Offline,76.92,44.91202919,Apple M4 CPU,inputResolution:192,resnet101_w1_0,192,ResNet-101,1.0,44.91202919,0.7346938775510203,16.60408127118831,2.7048789063645535
Image Classification,Offline,74.79,85.1247031,Apple M4 CPU,inputResolution:192,resnet50_w1_0,192,ResNet-50,1.0,85.1247031,0.7346938775510203,28.195353135015175,3.01910398824853
Image Classification,Offline,64.82,619.7067878,Apple M4 CPU,inputResolution:192,mobilenetv2_w1_0,192,MobileNetV2,1.0,619.7067878,0.7346938775510203,126.9588413131513,4.881162913825415
Image Classification,Offline,76.34,50.41064867,Apple M4 CPU,inputResolution:176,resnet101_w1_0,176,ResNet-101,1.0,50.41064867,0.6173469387755102,18.345075945817708,2.747911691338218
Image Classification,Offline,73.53,94.79933227,Apple M4 CPU,inputResolution:176,resnet50_w1_0,176,ResNet-50,1.0,94.79933227,0.6173469387755102,31.07743969001651,3.05042285386379
Image Classification,Offline,64.02,696.170124,Apple M4 CPU,inputResolution:176,mobilenetv2_w1_0,176,MobileNetV2,1.0,696.170124,0.6173469387755102,143.0247206520213,4.867481095759521
Image Classification,Offline,75.09,61.71560729,Apple M4 CPU,inputResolution:160,resnet101_w1_0,160,ResNet-101,1.0,61.71560729,0.5102040816326531,22.24833189054644,2.773943124977547
Image Classification,Offline,72.4,116.2290126,Apple M4 CPU,inputResolution:160,resnet50_w1_0,160,ResNet-50,1.0,116.2290126,0.5102040816326531,38.7174236867509,3.0019820931363665
Image Classification,Offline,61.85,837.1842941,Apple M4 CPU,inputResolution:160,mobilenetv2_w1_0,160,MobileNetV2,1.0,837.1842941,0.5102040816326531,169.3693767172538,4.942949607104006
Image Classification,Offline,72.72,70.64830323,Apple M4 CPU,inputResolution:144,resnet101_w1_0,144,ResNet-101,1.0,70.64830323,0.41326530612244905,25.58606439978329,2.761202431375041
Image Classification,Offline,70.19,132.0602396,Apple M4 CPU,inputResolution:144,resnet50_w1_0,144,ResNet-50,1.0,132.0602396,0.41326530612244905,43.37251667500426,3.0447907966591843
Image Classification,Offline,58.76,933.3940305,Apple M4 CPU,inputResolution:144,mobilenetv2_w1_0,144,MobileNetV2,1.0,933.3940305,0.41326530612244905,190.26417504696659,4.905779189748109
Image Classification,Offline,69.79,100.5947831,Apple M4 CPU,inputResolution:128,resnet101_w1_0,128,ResNet-101,1.0,100.5947831,0.32653061224489793,35.91207941798925,2.8011405836223893
Image Classification,Offline,66.87,188.8896521,Apple M4 CPU,inputResolution:128,resnet50_w1_0,128,ResNet-50,1.0,188.8896521,0.32653061224489793,60.52759212206611,3.1207197490867618
Image Classification,Offline,54.45,1219.865118,Apple M4 CPU,inputResolution:128,mobilenetv2_w1_0,128,MobileNetV2,1.0,1219.865118,0.32653061224489793,242.97532802132147,5.020530800118746
Image Classification,Offline,65.36,110.6095497,Apple M4 CPU,inputResolution:112,resnet101_w1_0,112,ResNet-101,1.0,110.6095497,0.25,40.73404557080858,2.7154079137002443
Image Classification,Offline,62.46,216.0686871,Apple M4 CPU,inputResolution:112,resnet50_w1_0,112,ResNet-50,1.0,216.0686871,0.25,69.438419070293,3.1116590785465923
Image Classification,Offline,48.95,1372.224903,Apple M4 CPU,inputResolution:112,mobilenetv2_w1_0,112,MobileNetV2,1.0,1372.224903,0.25,269.82328342547964,5.085643038581524
Image Classification,Offline,56.85,142.6769209,Apple M4 CPU,inputResolution:96,resnet101_w1_0,96,ResNet-101,1.0,142.6769209,0.18367346938775508,54.393582826120024,2.6230469383878487
Image Classification,Offline,54.12,270.9007551,Apple M4 CPU,inputResolution:96,resnet50_w1_0,96,ResNet-50,1.0,270.9007551,0.18367346938775508,89.26256571296973,3.0348752910721957
Image Classification,Offline,39.67,1678.068356,Apple M4 CPU,inputResolution:96,mobilenetv2_w1_0,96,MobileNetV2,1.0,1678.068356,0.18367346938775508,333.03628361837764,5.038695297005172
Image Classification,Offline,46.83,175.3199074,Apple M4 CPU,inputResolution:80,resnet101_w1_0,80,ResNet-101,1.0,175.3199074,0.12755102040816327,65.52808950707687,2.675492429564361
Image Classification,Offline,43.82,327.6700155,Apple M4 CPU,inputResolution:80,resnet50_w1_0,80,ResNet-50,1.0,327.6700155,0.12755102040816327,105.8019943883949,3.0970117094119836
Image Classification,Offline,29.53,1985.072494,Apple M4 CPU,inputResolution:80,mobilenetv2_w1_0,80,MobileNetV2,1.0,1985.072494,0.12755102040816327,376.8853597786011,5.26704591328811
Image Classification,Offline,31.73,285.1789779,Apple M4 CPU,inputResolution:64,resnet101_w1_0,64,ResNet-101,1.0,285.1789779,0.08163265306122448,113.58707982878639,2.510663874182344
Image Classification,Offline,29.2,497.5577499,Apple M4 CPU,inputResolution:64,resnet50_w1_0,64,ResNet-50,1.0,497.5577499,0.08163265306122448,164.94672243627954,3.016475517373261
Image Classification,Offline,16.8,2712.780515,Apple M4 CPU,inputResolution:64,mobilenetv2_w1_0,64,MobileNetV2,1.0,2712.780515,0.08163265306122448,557.3277590584976,4.867477836709124
Image Classification,Offline,16.08,310.4584659,Apple M4 CPU,inputResolution:48,resnet101_w1_0,48,ResNet-101,1.0,310.4584659,0.04591836734693877,125.04065302955199,2.4828602408740346
Image Classification,Offline,14.06,563.3867335,Apple M4 CPU,inputResolution:48,resnet50_w1_0,48,ResNet-50,1.0,563.3867335,0.04591836734693877,193.72266673181738,2.908212771404454
Image Classification,Offline,6.87,3118.24675,Apple M4 CPU,inputResolution:48,mobilenetv2_w1_0,48,MobileNetV2,1.0,3118.24675,0.04591836734693877,638.6679650709757,4.882422354867081
Image Classification,Offline,75.13,78.23995024,Qualcomm QCS6490,inputResolution:448,resnet101_w1_0,448,ResNet-101,1.0,78.23995024,4.0,74.508740459777,1.050077477584489
Image Classification,Offline,72.57,124.9951631,Qualcomm QCS6490,inputResolution:448,resnet50_w1_0,448,ResNet-50,1.0,124.9951631,4.0,107.45211694185166,1.1632638486558795
Image Classification,Offline,61.3,373.3335598,Qualcomm QCS6490,inputResolution:448,mobilenetv2_w1_0,448,MobileNetV2,1.0,373.3335598,4.0,371.4599114057785,1.005044012386507
Image Classification,Offline,75.4,78.2478745,Qualcomm QCS6490,inputResolution:432,resnet101_w1_0,432,ResNet-101,1.0,78.2478745,3.719387755102041,73.09459812105335,1.0705014667487767
Image Classification,Offline,72.85,115.3108721,Qualcomm QCS6490,inputResolution:432,resnet50_w1_0,432,ResNet-50,1.0,115.3108721,3.719387755102041,104.05598210172177,1.108161873742884
Image Classification,Offline,61.07,389.5864476,Qualcomm QCS6490,inputResolution:432,mobilenetv2_w1_0,432,MobileNetV2,1.0,389.5864476,3.719387755102041,392.5991689718336,0.9923262156164937
Image Classification,Offline,75.86,79.56354302,Qualcomm QCS6490,inputResolution:416,resnet101_w1_0,416,ResNet-101,1.0,79.56354302,3.4489795918367347,72.96226896639809,1.0904751750064414
Image Classification,Offline,73.39,133.6171582,Qualcomm QCS6490,inputResolution:416,resnet50_w1_0,416,ResNet-50,1.0,133.6171582,3.4489795918367347,95.96228402795529,1.3923924336885862
Image Classification,Offline,62.49,399.6501799,Qualcomm QCS6490,inputResolution:416,mobilenetv2_w1_0,416,MobileNetV2,1.0,399.6501799,3.4489795918367347,404.5738582931383,0.9878299640666086
Image Classification,Offline,76.68,79.89182059,Qualcomm QCS6490,inputResolution:400,resnet101_w1_0,400,ResNet-101,1.0,79.89182059,3.188775510204082,73.91393471641743,1.0808763042654632
Image Classification,Offline,73.41,131.0582088,Qualcomm QCS6490,inputResolution:400,resnet50_w1_0,400,ResNet-50,1.0,131.0582088,3.188775510204082,102.73664054350121,1.2756715433429686
Image Classification,Offline,62.9,420.597728,Qualcomm QCS6490,inputResolution:400,mobilenetv2_w1_0,400,MobileNetV2,1.0,420.597728,3.188775510204082,419.76816626463983,1.0019762378427648
Image Classification,Offline,76.93,115.5778036,Qualcomm QCS6490,inputResolution:384,resnet101_w1_0,384,ResNet-101,1.0,115.5778036,2.9387755102040813,101.6165778976082,1.1373912209133783
Image Classification,Offline,74.24,177.6384079,Qualcomm QCS6490,inputResolution:384,resnet50_w1_0,384,ResNet-50,1.0,177.6384079,2.9387755102040813,171.76263951556086,1.0342086521318672
Image Classification,Offline,64.13,481.544667,Qualcomm QCS6490,inputResolution:384,mobilenetv2_w1_0,384,MobileNetV2,1.0,481.544667,2.9387755102040813,489.1527135353749,0.9844464799543124
Image Classification,Offline,77.42,116.3812283,Qualcomm QCS6490,inputResolution:368,resnet101_w1_0,368,ResNet-101,1.0,116.3812283,2.6989795918367343,105.56504350531742,1.1024599094125107
Image Classification,Offline,74.47,182.3256774,Qualcomm QCS6490,inputResolution:368,resnet50_w1_0,368,ResNet-50,1.0,182.3256774,2.6989795918367343,173.73752413229627,1.0494317696225721
Image Classification,Offline,64.17,458.4678771,Qualcomm QCS6490,inputResolution:368,mobilenetv2_w1_0,368,MobileNetV2,1.0,458.4678771,2.6989795918367343,487.03289527321914,0.9413488935748487
Image Classification,Offline,77.34,120.2324998,Qualcomm QCS6490,inputResolution:352,resnet101_w1_0,352,ResNet-101,1.0,120.2324998,2.4693877551020407,109.97455214597387,1.0932756483555424
Image Classification,Offline,74.97,191.3517159,Qualcomm QCS6490,inputResolution:352,resnet50_w1_0,352,ResNet-50,1.0,191.3517159,2.4693877551020407,179.7837888010537,1.0643435494161668
Image Classification,Offline,65.33,513.124492,Qualcomm QCS6490,inputResolution:352,mobilenetv2_w1_0,352,MobileNetV2,1.0,513.124492,2.4693877551020407,509.19622875769096,1.0077146353811242
Image Classification,Offline,77.66,117.6471014,Qualcomm QCS6490,inputResolution:336,resnet101_w1_0,336,ResNet-101,1.0,117.6471014,2.25,88.42836348283205,1.3304226920680333
Image Classification,Offline,74.6,178.6698101,Qualcomm QCS6490,inputResolution:336,resnet50_w1_0,336,ResNet-50,1.0,178.6698101,2.25,167.62784933659054,1.0658718751514709
Image Classification,Offline,64.92,556.0971121,Qualcomm QCS6490,inputResolution:336,mobilenetv2_w1_0,336,MobileNetV2,1.0,556.0971121,2.25,547.8755865534115,1.0150061907271843
Image Classification,Offline,77.97,131.666773,Qualcomm QCS6490,inputResolution:320,resnet101_w1_0,320,ResNet-101,1.0,131.666773,2.0408163265306123,126.31349835424412,1.0423808596508246
Image Classification,Offline,75.54,206.546419,Qualcomm QCS6490,inputResolution:320,resnet50_w1_0,320,ResNet-50,1.0,206.546419,2.0408163265306123,207.76335780472175,0.9941426687671
Image Classification,Offline,66.03,571.7977738,Qualcomm QCS6490,inputResolution:320,mobilenetv2_w1_0,320,MobileNetV2,1.0,571.7977738,2.0408163265306123,619.1900158562241,0.9234609072455899
Image Classification,Offline,77.87,130.3357717,Qualcomm QCS6490,inputResolution:304,resnet101_w1_0,304,ResNet-101,1.0,130.3357717,1.8418367346938778,125.91641735606372,1.0350975229182333
Image Classification,Offline,75.42,207.9750978,Qualcomm QCS6490,inputResolution:304,resnet50_w1_0,304,ResNet-50,1.0,207.9750978,1.8418367346938778,205.5004528639167,1.012042041278235
Image Classification,Offline,66.25,610.9196842,Qualcomm QCS6490,inputResolution:304,mobilenetv2_w1_0,304,MobileNetV2,1.0,610.9196842,1.8418367346938778,609.8375019430338,1.0017745419944137
Image Classification,Offline,78.22,136.6994998,Qualcomm QCS6490,inputResolution:288,resnet101_w1_0,288,ResNet-101,1.0,136.6994998,1.6530612244897962,129.09451633532163,1.0589101975867397
Image Classification,Offline,75.67,224.8773461,Qualcomm QCS6490,inputResolution:288,resnet50_w1_0,288,ResNet-50,1.0,224.8773461,1.6530612244897962,222.9259534850891,1.0087535461188077
Image Classification,Offline,67.05,671.1794526,Qualcomm QCS6490,inputResolution:288,mobilenetv2_w1_0,288,MobileNetV2,1.0,671.1794526,1.6530612244897962,676.4833135629056,0.9921596573683819
Image Classification,Offline,78.3,140.5428492,Qualcomm QCS6490,inputResolution:272,resnet101_w1_0,272,ResNet-101,1.0,140.5428492,1.4744897959183672,129.46367467868512,1.0855774760666435
Image Classification,Offline,75.87,232.3390302,Qualcomm QCS6490,inputResolution:272,resnet50_w1_0,272,ResNet-50,1.0,232.3390302,1.4744897959183672,235.29367003545357,0.9874427568110592
Image Classification,Offline,66.32,674.7776972,Qualcomm QCS6490,inputResolution:272,mobilenetv2_w1_0,272,MobileNetV2,1.0,674.7776972,1.4744897959183672,695.1884834363962,0.9706399246784077
Image Classification,Offline,78.41,205.8402315,Qualcomm QCS6490,inputResolution:256,resnet101_w1_0,256,ResNet-101,1.0,205.8402315,1.3061224489795917,195.3734673207672,1.0535731096078071
Image Classification,Offline,75.75,308.9269113,Qualcomm QCS6490,inputResolution:256,resnet50_w1_0,256,ResNet-50,1.0,308.9269113,1.3061224489795917,309.04665043581474,0.9996125531998294
Image Classification,Offline,67.12,745.7361442,Qualcomm QCS6490,inputResolution:256,mobilenetv2_w1_0,256,MobileNetV2,1.0,745.7361442,1.3061224489795917,729.0949322314426,1.0228244789984013
Image Classification,Offline,78.37,225.4091046,Qualcomm QCS6490,inputResolution:240,resnet101_w1_0,240,ResNet-101,1.0,225.4091046,1.1479591836734693,218.05889796870366,1.033707437301418
Image Classification,Offline,75.77,329.9604404,Qualcomm QCS6490,inputResolution:240,resnet50_w1_0,240,ResNet-50,1.0,329.9604404,1.1479591836734693,327.25988447622666,1.0082520224808351
Image Classification,Offline,66.63,851.1592018,Qualcomm QCS6490,inputResolution:240,mobilenetv2_w1_0,240,MobileNetV2,1.0,851.1592018,1.1479591836734693,813.7370002666129,1.0459880790981928
Image Classification,Offline,79.26,220.3448044,Qualcomm QCS6490,inputResolution:224,resnet101_w1_0,224,ResNet-101,1.0,220.3448044,1.0,214.94797150387967,1.0251076242234876
Image Classification,Offline,76.62,329.2726265,Qualcomm QCS6490,inputResolution:224,resnet50_w1_0,224,ResNet-50,1.0,329.2726265,1.0,336.40781470092134,0.9787900640558401
Image Classification,Offline,68.14,814.9153347,Qualcomm QCS6490,inputResolution:224,mobilenetv2_w1_0,224,MobileNetV2,1.0,814.9153347,1.0,796.6807418616817,1.0228882058774356
Image Classification,Offline,77.75,241.9636477,Qualcomm QCS6490,inputResolution:208,resnet101_w1_0,208,ResNet-101,1.0,241.9636477,0.8622448979591837,233.03208131993586,1.0383276256619867
Image Classification,Offline,75.07,357.018697,Qualcomm QCS6490,inputResolution:208,resnet50_w1_0,208,ResNet-50,1.0,357.018697,0.8622448979591837,344.36880739437794,1.0367335523252985
Image Classification,Offline,65.31,972.2626448,Qualcomm QCS6490,inputResolution:208,mobilenetv2_w1_0,208,MobileNetV2,1.0,972.2626448,0.8622448979591837,849.173018504905,1.1449523520092673
Image Classification,Offline,76.91,251.9534931,Qualcomm QCS6490,inputResolution:192,resnet101_w1_0,192,ResNet-101,1.0,251.9534931,0.7346938775510203,239.09745252610216,1.0537690403560211
Image Classification,Offline,74.54,403.7432449,Qualcomm QCS6490,inputResolution:192,resnet50_w1_0,192,ResNet-50,1.0,403.7432449,0.7346938775510203,381.75099720336965,1.0576088808090642
Image Classification,Offline,64.89,1037.370436,Qualcomm QCS6490,inputResolution:192,mobilenetv2_w1_0,192,MobileNetV2,1.0,1037.370436,0.7346938775510203,901.6093514142938,1.1505763936152025
Image Classification,Offline,76.26,249.4357346,Qualcomm QCS6490,inputResolution:176,resnet101_w1_0,176,ResNet-101,1.0,249.4357346,0.6173469387755102,244.99236284082355,1.0181367766229652
Image Classification,Offline,73.29,390.9086304,Qualcomm QCS6490,inputResolution:176,resnet50_w1_0,176,ResNet-50,1.0,390.9086304,0.6173469387755102,383.60838104123076,1.019030474096927
Image Classification,Offline,64.17,1050.776028,Qualcomm QCS6490,inputResolution:176,mobilenetv2_w1_0,176,MobileNetV2,1.0,1050.776028,0.6173469387755102,988.2257155364409,1.063295572539928
Image Classification,Offline,74.66,250.6932305,Qualcomm QCS6490,inputResolution:160,resnet101_w1_0,160,ResNet-101,1.0,250.6932305,0.5102040816326531,244.1964859596741,1.0266045783369657
Image Classification,Offline,72.04,397.5774937,Qualcomm QCS6490,inputResolution:160,resnet50_w1_0,160,ResNet-50,1.0,397.5774937,0.5102040816326531,381.7788486774594,1.0413816665780975
Image Classification,Offline,61.43,1005.870142,Qualcomm QCS6490,inputResolution:160,mobilenetv2_w1_0,160,MobileNetV2,1.0,1005.870142,0.5102040816326531,921.3820713748639,1.0916971072587347
Image Classification,Offline,72.6,182.0797023,Qualcomm QCS6490,inputResolution:144,resnet101_w1_0,144,ResNet-101,1.0,182.0797023,0.41326530612244905,151.9632079652454,1.1981828018637404
Image Classification,Offline,69.97,291.5557471,Qualcomm QCS6490,inputResolution:144,resnet50_w1_0,144,ResNet-50,1.0,291.5557471,0.41326530612244905,217.4998089503428,1.3404873710328862
Image Classification,Offline,58.44,638.7313384,Qualcomm QCS6490,inputResolution:144,mobilenetv2_w1_0,144,MobileNetV2,1.0,638.7313384,0.41326530612244905,359.06469449569335,1.7788753619931883
Image Classification,Offline,69.74,208.0611145,Qualcomm QCS6490,inputResolution:128,resnet101_w1_0,128,ResNet-101,1.0,208.0611145,0.32653061224489793,173.88794183149537,1.1965241080466629
Image Classification,Offline,66.41,309.2967585,Qualcomm QCS6490,inputResolution:128,resnet50_w1_0,128,ResNet-50,1.0,309.2967585,0.32653061224489793,237.69302183020417,1.3012445890016322
Image Classification,Offline,54.08,682.8910818,Qualcomm QCS6490,inputResolution:128,mobilenetv2_w1_0,128,MobileNetV2,1.0,682.8910818,0.32653061224489793,443.4104703489867,1.54008785868888
Image Classification,Offline,65.02,207.4252043,Qualcomm QCS6490,inputResolution:112,resnet101_w1_0,112,ResNet-101,1.0,207.4252043,0.25,181.62735005634877,1.1420372770711438
Image Classification,Offline,62.33,296.4150191,Qualcomm QCS6490,inputResolution:112,resnet50_w1_0,112,ResNet-50,1.0,296.4150191,0.25,248.8472477858334,1.191152491086038
Image Classification,Offline,48.09,601.7427525,Qualcomm QCS6490,inputResolution:112,mobilenetv2_w1_0,112,MobileNetV2,1.0,601.7427525,0.25,472.9305476836857,1.2723702358564264
Image Classification,Offline,56.76,205.3554703,Qualcomm QCS6490,inputResolution:96,resnet101_w1_0,96,ResNet-101,1.0,205.3554703,0.18367346938775508,188.02101142850012,1.0921942645654354
Image Classification,Offline,54.09,309.1056327,Qualcomm QCS6490,inputResolution:96,resnet50_w1_0,96,ResNet-50,1.0,309.1056327,0.18367346938775508,269.673273481096,1.1462227187362275
Image Classification,Offline,39.36,665.1312323,Qualcomm QCS6490,inputResolution:96,mobilenetv2_w1_0,96,MobileNetV2,1.0,665.1312323,0.18367346938775508,486.37545711778466,1.367526306202836
Image Classification,Offline,46.76,210.6379716,Qualcomm QCS6490,inputResolution:80,resnet101_w1_0,80,ResNet-101,1.0,210.6379716,0.12755102040816327,188.20238163940928,1.119209915226135
Image Classification,Offline,43.72,306.109658,Qualcomm QCS6490,inputResolution:80,resnet50_w1_0,80,ResNet-50,1.0,306.109658,0.12755102040816327,266.10619521753256,1.1503289419841054
Image Classification,Offline,29.37,620.2897481,Qualcomm QCS6490,inputResolution:80,mobilenetv2_w1_0,80,MobileNetV2,1.0,620.2897481,0.12755102040816327,548.8281713684769,1.130207559413973
Image Classification,Offline,31.49,214.5907938,Qualcomm QCS6490,inputResolution:64,resnet101_w1_0,64,ResNet-101,1.0,214.5907938,0.08163265306122448,196.63848128675835,1.0912960291178295
Image Classification,Offline,28.94,314.1551162,Qualcomm QCS6490,inputResolution:64,resnet50_w1_0,64,ResNet-50,1.0,314.1551162,0.08163265306122448,293.4852586618915,1.0704289463544099
Image Classification,Offline,16.4,628.8789989,Qualcomm QCS6490,inputResolution:64,mobilenetv2_w1_0,64,MobileNetV2,1.0,628.8789989,0.08163265306122448,582.4713841215894,1.0796736389863972
Image Classification,Offline,15.94,213.8529993,Qualcomm QCS6490,inputResolution:48,resnet101_w1_0,48,ResNet-101,1.0,213.8529993,0.04591836734693877,197.67101257450798,1.0818632257443035
Image Classification,Offline,13.72,314.4853619,Qualcomm QCS6490,inputResolution:48,resnet50_w1_0,48,ResNet-50,1.0,314.4853619,0.04591836734693877,294.2339682177277,1.0688275177911704
Image Classification,Offline,6.84,703.6891924,Qualcomm QCS6490,inputResolution:48,mobilenetv2_w1_0,48,MobileNetV2,1.0,703.6891924,0.04591836734693877,605.1605471112479,1.1628140594410552
Image Classification,Offline,74.21,388.8672004,RTX PRO 6000 Max-Q,inputResolution:448,resnet101_w1_0,448,ResNet-101,1.0,388.8672004,4.0,99.90192298544173,3.892489641632503
Image Classification,Offline,72.05,550.9599579,RTX PRO 6000 Max-Q,inputResolution:448,resnet50_w1_0,448,ResNet-50,1.0,550.9599579,4.0,199.46467626302302,2.7621931272356193
Image Classification,Offline,59.46,1004.692149,RTX PRO 6000 Max-Q,inputResolution:448,mobilenetv2_w1_0,448,MobileNetV2,1.0,1004.692149,4.0,661.3393808745864,1.519177865487683
Image Classification,Offline,74.86,421.5256887,RTX PRO 6000 Max-Q,inputResolution:432,resnet101_w1_0,432,ResNet-101,1.0,421.5256887,3.719387755102041,99.76203402879788,4.225311691001809
Image Classification,Offline,72.64,621.8474394,RTX PRO 6000 Max-Q,inputResolution:432,resnet50_w1_0,432,ResNet-50,1.0,621.8474394,3.719387755102041,200.18196480546226,3.1064109097156387
Image Classification,Offline,59.54,1247.574005,RTX PRO 6000 Max-Q,inputResolution:432,mobilenetv2_w1_0,432,MobileNetV2,1.0,1247.574005,3.719387755102041,625.6089251080922,1.9941755223272193
Image Classification,Offline,75.53,474.1204964,RTX PRO 6000 Max-Q,inputResolution:416,resnet101_w1_0,416,ResNet-101,1.0,474.1204964,3.4489795918367347,102.9951331823012,4.603329125860807
Image Classification,Offline,73.21,686.7520314,RTX PRO 6000 Max-Q,inputResolution:416,resnet50_w1_0,416,ResNet-50,1.0,686.7520314,3.4489795918367347,208.88566480456765,3.287693447238333
Image Classification,Offline,61.12,1357.114863,RTX PRO 6000 Max-Q,inputResolution:416,mobilenetv2_w1_0,416,MobileNetV2,1.0,1357.114863,3.4489795918367347,733.5508184850368,1.8500625025581414
Image Classification,Offline,76.07,495.7116883,RTX PRO 6000 Max-Q,inputResolution:400,resnet101_w1_0,400,ResNet-101,1.0,495.7116883,3.188775510204082,105.32812069842754,4.706356526756112
Image Classification,Offline,73.46,709.277209,RTX PRO 6000 Max-Q,inputResolution:400,resnet50_w1_0,400,ResNet-50,1.0,709.277209,3.188775510204082,212.74744674412145,3.3338929319940167
Image Classification,Offline,61.6,1454.311734,RTX PRO 6000 Max-Q,inputResolution:400,mobilenetv2_w1_0,400,MobileNetV2,1.0,1454.311734,3.188775510204082,742.5047554886511,1.9586564574160878
Image Classification,Offline,76.37,523.3456113,RTX PRO 6000 Max-Q,inputResolution:384,resnet101_w1_0,384,ResNet-101,1.0,523.3456113,2.9387755102040813,134.83283318150055,3.881440439625832
Image Classification,Offline,74.22,713.8107623,RTX PRO 6000 Max-Q,inputResolution:384,resnet50_w1_0,384,ResNet-50,1.0,713.8107623,2.9387755102040813,241.95597789352175,2.950167912834659
Image Classification,Offline,63.23,1245.425769,RTX PRO 6000 Max-Q,inputResolution:384,mobilenetv2_w1_0,384,MobileNetV2,1.0,1245.425769,2.9387755102040813,815.1478308414089,1.5278526444883638
Image Classification,Offline,76.91,572.9012005,RTX PRO 6000 Max-Q,inputResolution:368,resnet101_w1_0,368,ResNet-101,1.0,572.9012005,2.6989795918367343,134.35336973305587,4.264137190144813
Image Classification,Offline,74.25,816.6238513,RTX PRO 6000 Max-Q,inputResolution:368,resnet50_w1_0,368,ResNet-50,1.0,816.6238513,2.6989795918367343,245.25485745577993,3.329694913166967
Image Classification,Offline,63.57,1525.193451,RTX PRO 6000 Max-Q,inputResolution:368,mobilenetv2_w1_0,368,MobileNetV2,1.0,1525.193451,2.6989795918367343,818.1004716257592,1.8643106854211684
Image Classification,Offline,76.95,628.2412723,RTX PRO 6000 Max-Q,inputResolution:352,resnet101_w1_0,352,ResNet-101,1.0,628.2412723,2.4693877551020407,134.28849762278284,4.6782954863694535
Image Classification,Offline,75.17,903.6958618,RTX PRO 6000 Max-Q,inputResolution:352,resnet50_w1_0,352,ResNet-50,1.0,903.6958618,2.4693877551020407,237.64571803589408,3.8027020611560336
Image Classification,Offline,65.04,1711.580038,RTX PRO 6000 Max-Q,inputResolution:352,mobilenetv2_w1_0,352,MobileNetV2,1.0,1711.580038,2.4693877551020407,894.9383267302665,1.9125117193867467
Image Classification,Offline,77.49,651.350417,RTX PRO 6000 Max-Q,inputResolution:336,resnet101_w1_0,336,ResNet-101,1.0,651.350417,2.25,133.34538187087827,4.8846867275142625
Image Classification,Offline,75.02,923.1558558,RTX PRO 6000 Max-Q,inputResolution:336,resnet50_w1_0,336,ResNet-50,1.0,923.1558558,2.25,246.73222164642078,3.741529378043404
Image Classification,Offline,64.63,1587.616534,RTX PRO 6000 Max-Q,inputResolution:336,mobilenetv2_w1_0,336,MobileNetV2,1.0,1587.616534,2.25,859.7729418759617,1.8465532661866944
Image Classification,Offline,77.53,716.8536039,RTX PRO 6000 Max-Q,inputResolution:320,resnet101_w1_0,320,ResNet-101,1.0,716.8536039,2.0408163265306123,143.41313065177022,4.998521409037741
Image Classification,Offline,75.32,1013.575201,RTX PRO 6000 Max-Q,inputResolution:320,resnet50_w1_0,320,ResNet-50,1.0,1013.575201,2.0408163265306123,259.7740918408218,3.9017563060948914
Image Classification,Offline,65.69,1785.070327,RTX PRO 6000 Max-Q,inputResolution:320,mobilenetv2_w1_0,320,MobileNetV2,1.0,1785.070327,2.0408163265306123,939.4022249215633,1.9002193944655037
Image Classification,Offline,77.86,840.4448928,RTX PRO 6000 Max-Q,inputResolution:304,resnet101_w1_0,304,ResNet-101,1.0,840.4448928,1.8418367346938778,144.65738623599125,5.809899616386781
Image Classification,Offline,75.49,1194.732803,RTX PRO 6000 Max-Q,inputResolution:304,resnet50_w1_0,304,ResNet-50,1.0,1194.732803,1.8418367346938778,269.46122902496916,4.433783692455779
Image Classification,Offline,66.2,2198.981908,RTX PRO 6000 Max-Q,inputResolution:304,mobilenetv2_w1_0,304,MobileNetV2,1.0,2198.981908,1.8418367346938778,950.4664386959607,2.313581856732366
Image Classification,Offline,77.95,882.6223825,RTX PRO 6000 Max-Q,inputResolution:288,resnet101_w1_0,288,ResNet-101,1.0,882.6223825,1.6530612244897962,146.2904026192626,6.0333580788421575
Image Classification,Offline,75.47,1275.729205,RTX PRO 6000 Max-Q,inputResolution:288,resnet50_w1_0,288,ResNet-50,1.0,1275.729205,1.6530612244897962,272.01964899768865,4.689842111408797
Image Classification,Offline,66.86,2270.363259,RTX PRO 6000 Max-Q,inputResolution:288,mobilenetv2_w1_0,288,MobileNetV2,1.0,2270.363259,1.6530612244897962,966.5148027705442,2.3490206797577593
Image Classification,Offline,78.03,1004.367483,RTX PRO 6000 Max-Q,inputResolution:272,resnet101_w1_0,272,ResNet-101,1.0,1004.367483,1.4744897959183672,147.4337451366552,6.812331071621761
Image Classification,Offline,75.8,1450.062836,RTX PRO 6000 Max-Q,inputResolution:272,resnet50_w1_0,272,ResNet-50,1.0,1450.062836,1.4744897959183672,267.8902579200255,5.412898726734938
Image Classification,Offline,66.52,2794.635415,RTX PRO 6000 Max-Q,inputResolution:272,mobilenetv2_w1_0,272,MobileNetV2,1.0,2794.635415,1.4744897959183672,1015.6392498947569,2.751602417186602
Image Classification,Offline,78.33,1166.562264,RTX PRO 6000 Max-Q,inputResolution:256,resnet101_w1_0,256,ResNet-101,1.0,1166.562264,1.3061224489795917,151.6127851639525,7.694352839297104
Image Classification,Offline,75.82,1648.89799,RTX PRO 6000 Max-Q,inputResolution:256,resnet50_w1_0,256,ResNet-50,1.0,1648.89799,1.3061224489795917,282.22875311410536,5.842416733965263
Image Classification,Offline,67.15,2934.255682,RTX PRO 6000 Max-Q,inputResolution:256,mobilenetv2_w1_0,256,MobileNetV2,1.0,2934.255682,1.3061224489795917,974.5983379098589,3.0107333122410793
Image Classification,Offline,78.16,1261.855428,RTX PRO 6000 Max-Q,inputResolution:240,resnet101_w1_0,240,ResNet-101,1.0,1261.855428,1.1479591836734693,151.5273307998688,8.327576426899567
Image Classification,Offline,75.81,1836.953571,RTX PRO 6000 Max-Q,inputResolution:240,resnet50_w1_0,240,ResNet-50,1.0,1836.953571,1.1479591836734693,283.21760831979094,6.486014700490767
Image Classification,Offline,66.68,3138.578996,RTX PRO 6000 Max-Q,inputResolution:240,mobilenetv2_w1_0,240,MobileNetV2,1.0,3138.578996,1.1479591836734693,992.3732030765966,3.162700268678807
Image Classification,Offline,79.21,1352.117227,RTX PRO 6000 Max-Q,inputResolution:224,resnet101_w1_0,224,ResNet-101,1.0,1352.117227,1.0,152.51221330424528,8.86563244808908
Image Classification,Offline,76.88,2085.586081,RTX PRO 6000 Max-Q,inputResolution:224,resnet50_w1_0,224,ResNet-50,1.0,2085.586081,1.0,283.3347938108615,7.36085410813407
Image Classification,Offline,68.22,3623.488918,RTX PRO 6000 Max-Q,inputResolution:224,mobilenetv2_w1_0,224,MobileNetV2,1.0,3623.488918,1.0,1074.0172637320168,3.3737715773851047
Image Classification,Offline,77.71,1600.681933,RTX PRO 6000 Max-Q,inputResolution:208,resnet101_w1_0,208,ResNet-101,1.0,1600.681933,0.8622448979591837,153.54724512490023,10.424686758124214
Image Classification,Offline,75.54,2400.203017,RTX PRO 6000 Max-Q,inputResolution:208,resnet50_w1_0,208,ResNet-50,1.0,2400.203017,0.8622448979591837,289.54633005129915,8.289530095493712
Image Classification,Offline,65.41,4023.849592,RTX PRO 6000 Max-Q,inputResolution:208,mobilenetv2_w1_0,208,MobileNetV2,1.0,4023.849592,0.8622448979591837,1087.9606585766614,3.69852490554599
Image Classification,Offline,76.92,1903.729708,RTX PRO 6000 Max-Q,inputResolution:192,resnet101_w1_0,192,ResNet-101,1.0,1903.729708,0.7346938775510203,156.6245176343301,12.15473628748611
Image Classification,Offline,74.79,2946.621244,RTX PRO 6000 Max-Q,inputResolution:192,resnet50_w1_0,192,ResNet-50,1.0,2946.621244,0.7346938775510203,294.7103817538946,9.9983625499174
Image Classification,Offline,64.82,5369.409871,RTX PRO 6000 Max-Q,inputResolution:192,mobilenetv2_w1_0,192,MobileNetV2,1.0,5369.409871,0.7346938775510203,1085.8700627099408,4.944799617736845
Image Classification,Offline,76.34,2015.852313,RTX PRO 6000 Max-Q,inputResolution:176,resnet101_w1_0,176,ResNet-101,1.0,2015.852313,0.6173469387755102,154.8718857372746,13.016257298110915
Image Classification,Offline,73.53,3151.05737,RTX PRO 6000 Max-Q,inputResolution:176,resnet50_w1_0,176,ResNet-50,1.0,3151.05737,0.6173469387755102,294.47464187174165,10.700606850122062
Image Classification,Offline,64.02,5415.840671,RTX PRO 6000 Max-Q,inputResolution:176,mobilenetv2_w1_0,176,MobileNetV2,1.0,5415.840671,0.6173469387755102,1011.1466429726696,5.3561377161654535
Image Classification,Offline,75.09,2234.850838,RTX PRO 6000 Max-Q,inputResolution:160,resnet101_w1_0,160,ResNet-101,1.0,2234.850838,0.5102040816326531,157.91171681474663,14.152533346349495
Image Classification,Offline,72.4,3562.686846,RTX PRO 6000 Max-Q,inputResolution:160,resnet50_w1_0,160,ResNet-50,1.0,3562.686846,0.5102040816326531,295.5446210672528,12.054649592791238
Image Classification,Offline,61.85,6295.377207,RTX PRO 6000 Max-Q,inputResolution:160,mobilenetv2_w1_0,160,MobileNetV2,1.0,6295.377207,0.5102040816326531,1088.073456343904,5.785801657319578
Image Classification,Offline,72.72,2565.517686,RTX PRO 6000 Max-Q,inputResolution:144,resnet101_w1_0,144,ResNet-101,1.0,2565.517686,0.41326530612244905,157.1733856098804,16.322850564330682
Image Classification,Offline,70.19,4311.839414,RTX PRO 6000 Max-Q,inputResolution:144,resnet50_w1_0,144,ResNet-50,1.0,4311.839414,0.41326530612244905,297.7691061445452,14.480479421887763
Image Classification,Offline,58.76,8337.098652,RTX PRO 6000 Max-Q,inputResolution:144,mobilenetv2_w1_0,144,MobileNetV2,1.0,8337.098652,0.41326530612244905,1130.5820747430816,7.374164899876516
Image Classification,Offline,69.79,2833.755952,RTX PRO 6000 Max-Q,inputResolution:128,resnet101_w1_0,128,ResNet-101,1.0,2833.755952,0.32653061224489793,158.74020524656763,17.851532619593065
Image Classification,Offline,66.87,5101.670244,RTX PRO 6000 Max-Q,inputResolution:128,resnet50_w1_0,128,ResNet-50,1.0,5101.670244,0.32653061224489793,299.1475837763055,17.054024570744623
Image Classification,Offline,54.45,9881.790846,RTX PRO 6000 Max-Q,inputResolution:128,mobilenetv2_w1_0,128,MobileNetV2,1.0,9881.790846,0.32653061224489793,1100.721726505099,8.977555914495909
Image Classification,Offline,65.36,3328.464273,RTX PRO 6000 Max-Q,inputResolution:112,resnet101_w1_0,112,ResNet-101,1.0,3328.464273,0.25,160.8282060247828,20.69577442458757
Image Classification,Offline,62.46,5535.11034,RTX PRO 6000 Max-Q,inputResolution:112,resnet50_w1_0,112,ResNet-50,1.0,5535.11034,0.25,312.51712584083447,17.711382456585888
Image Classification,Offline,48.95,11911.94957,RTX PRO 6000 Max-Q,inputResolution:112,mobilenetv2_w1_0,112,MobileNetV2,1.0,11911.94957,0.25,1141.7965287140755,10.432637751505153
Image Classification,Offline,56.85,3654.040811,RTX PRO 6000 Max-Q,inputResolution:96,resnet101_w1_0,96,ResNet-101,1.0,3654.040811,0.18367346938775508,160.6220708022541,22.749307070624077
Image Classification,Offline,54.12,6366.788572,RTX PRO 6000 Max-Q,inputResolution:96,resnet50_w1_0,96,ResNet-50,1.0,6366.788572,0.18367346938775508,309.46722046576747,20.573385970952227
Image Classification,Offline,39.67,13528.59107,RTX PRO 6000 Max-Q,inputResolution:96,mobilenetv2_w1_0,96,MobileNetV2,1.0,13528.59107,0.18367346938775508,1080.6795110894798,12.518596800601172
Image Classification,Offline,46.83,3978.536861,RTX PRO 6000 Max-Q,inputResolution:80,resnet101_w1_0,80,ResNet-101,1.0,3978.536861,0.12755102040816327,162.4601469236964,24.489309755878914
Image Classification,Offline,43.82,7076.307867,RTX PRO 6000 Max-Q,inputResolution:80,resnet50_w1_0,80,ResNet-50,1.0,7076.307867,0.12755102040816327,311.6027917598434,22.709385326861288
Image Classification,Offline,29.53,16419.96694,RTX PRO 6000 Max-Q,inputResolution:80,mobilenetv2_w1_0,80,MobileNetV2,1.0,16419.96694,0.12755102040816327,1124.5501716377873,14.601364486998449
Image Classification,Offline,31.73,4213.94847,RTX PRO 6000 Max-Q,inputResolution:64,resnet101_w1_0,64,ResNet-101,1.0,4213.94847,0.08163265306122448,161.9971537877666,26.01248461143162
Image Classification,Offline,29.2,7699.307816,RTX PRO 6000 Max-Q,inputResolution:64,resnet50_w1_0,64,ResNet-50,1.0,7699.307816,0.08163265306122448,317.44569591156375,24.253936705271716
Image Classification,Offline,16.8,18246.18039,RTX PRO 6000 Max-Q,inputResolution:64,mobilenetv2_w1_0,64,MobileNetV2,1.0,18246.18039,0.08163265306122448,1176.0569551681974,15.514708118358492
Image Classification,Offline,16.08,4351.713639,RTX PRO 6000 Max-Q,inputResolution:48,resnet101_w1_0,48,ResNet-101,1.0,4351.713639,0.04591836734693877,162.5521095248129,26.771191414995013
Image Classification,Offline,14.06,8090.485073,RTX PRO 6000 Max-Q,inputResolution:48,resnet50_w1_0,48,ResNet-50,1.0,8090.485073,0.04591836734693877,320.80078147352674,25.219655126269217
Image Classification,Offline,6.87,20339.1911,RTX PRO 6000 Max-Q,inputResolution:48,mobilenetv2_w1_0,48,MobileNetV2,1.0,20339.1911,0.04591836734693877,1197.2079367779581,16.98885421252619
